pack_row,reason,sequence_id,split,station,latitude,longitude,init_time_bjt,init_time_utc,target_time_bjt,target_time_utc,lead_minutes,observed_ghi_15min_wm2,label_record_times_bjt,solar_cosine,day_mask_sza_lt_90,clear_sky_ghi_15min_wm2,kt,simvp_seq_id,cache_index,station_index,lead_index
129671,suspected_positive_flatline_ge60min,train_20240701T0200+0800,train,sili,25.9478611111,112.347916667,2024-07-01T02:00:00+08:00,2024-06-30T18:00:00+00:00,2024-07-01T06:00:00+08:00,2024-06-30T22:00:00+00:00,240,362.0,2024-07-01T05:50:00+08:00|2024-07-01T05:55:00+08:00|2024-07-01T06:00:00+08:00,0.0488578102068212,True,0.75803980592284,477.5474812424924,hunan_202406301615,5602,0,15
129674,suspected_positive_flatline_ge60min,train_20240701T0215+0800,train,sili,25.9478611111,112.347916667,2024-07-01T02:15:00+08:00,2024-06-30T18:15:00+00:00,2024-07-01T06:00:00+08:00,2024-06-30T22:00:00+00:00,225,362.0,2024-07-01T05:50:00+08:00|2024-07-01T05:55:00+08:00|2024-07-01T06:00:00+08:00,0.0488578102068212,True,0.75803980592284,477.5474812424924,hunan_202406301630,5603,0,14
129675,suspected_positive_flatline_ge60min,train_20240701T0215+0800,train,sili,25.9478611111,112.347916667,2024-07-01T02:15:00+08:00,2024-06-30T18:15:00+00:00,2024-07-01T06:15:00+08:00,2024-06-30T22:15:00+00:00,240,362.0,2024-07-01T06:05:00+08:00|2024-07-01T06:10:00+08:00|2024-07-01T06:15:00+08:00,0.1025897529366486,True,10.616362741927565,34.0983073770022,hunan_202406301630,5603,0,15
129679,suspected_positive_flatline_ge60min,train_20240701T0230+0800,train,sili,25.9478611111,112.347916667,2024-07-01T02:30:00+08:00,2024-06-30T18:30:00+00:00,2024-07-01T06:00:00+08:00,2024-06-30T22:00:00+00:00,210,362.0,2024-07-01T05:50:00+08:00|2024-07-01T05:55:00+08:00|2024-07-01T06:00:00+08:00,0.0488578102068212,True,0.75803980592284,477.5474812424924,hunan_202406301645,5604,0,13
129680,suspected_positive_flatline_ge60min,train_20240701T0230+0800,train,sili,25.9478611111,112.347916667,2024-07-01T02:30:00+08:00,2024-06-30T18:30:00+00:00,2024-07-01T06:15:00+08:00,2024-06-30T22:15:00+00:00,225,362.0,2024-07-01T06:05:00+08:00|2024-07-01T06:10:00+08:00|2024-07-01T06:15:00+08:00,0.1025897529366486,True,10.616362741927565,34.0983073770022,hunan_202406301645,5604,0,14
129681,suspected_positive_flatline_ge60min,train_20240701T0230+0800,train,sili,25.9478611111,112.347916667,2024-07-01T02:30:00+08:00,2024-06-30T18:30:00+00:00,2024-07-01T06:30:00+08:00,2024-06-30T22:30:00+00:00,240,362.0,2024-07-01T06:20:00+08:00|2024-07-01T06:25:00+08:00|2024-07-01T06:30:00+08:00,0.1566188251765872,True,37.042773491835156,9.772486395485231,hunan_202406301645,5604,0,15
129686,suspected_positive_flatline_ge60min,train_20240701T0245+0800,train,sili,25.9478611111,112.347916667,2024-07-01T02:45:00+08:00,2024-06-30T18:45:00+00:00,2024-07-01T06:00:00+08:00,2024-06-30T22:00:00+00:00,195,362.0,2024-07-01T05:50:00+08:00|2024-07-01T05:55:00+08:00|2024-07-01T06:00:00+08:00,0.0488578102068212,True,0.75803980592284,477.5474812424924,hunan_202406301700,5605,0,12
129687,suspected_positive_flatline_ge60min,train_20240701T0245+0800,train,sili,25.9478611111,112.347916667,2024-07-01T02:45:00+08:00,2024-06-30T18:45:00+00:00,2024-07-01T06:15:00+08:00,2024-06-30T22:15:00+00:00,210,362.0,2024-07-01T06:05:00+08:00|2024-07-01T06:10:00+08:00|2024-07-01T06:15:00+08:00,0.1025897529366486,True,10.616362741927565,34.0983073770022,hunan_202406301700,5605,0,13
129688,suspected_positive_flatline_ge60min,train_20240701T0245+0800,train,sili,25.9478611111,112.347916667,2024-07-01T02:45:00+08:00,2024-06-30T18:45:00+00:00,2024-07-01T06:30:00+08:00,2024-06-30T22:30:00+00:00,225,362.0,2024-07-01T06:20:00+08:00|2024-07-01T06:25:00+08:00|2024-07-01T06:30:00+08:00,0.1566188251765872,True,37.042773491835156,9.772486395485231,hunan_202406301700,5605,0,14
129689,suspected_positive_flatline_ge60min,train_20240701T0245+0800,train,sili,25.9478611111,112.347916667,2024-07-01T02:45:00+08:00,2024-06-30T18:45:00+00:00,2024-07-01T06:45:00+08:00,2024-06-30T22:45:00+00:00,240,362.0,2024-07-01T06:35:00+08:00|2024-07-01T06:40:00+08:00|2024-07-01T06:45:00+08:00,0.2107137117588196,True,76.00543133022377,4.762817520595396,hunan_202406301700,5605,0,15
129695,suspected_positive_flatline_ge60min,train_20240701T0300+0800,train,sili,25.9478611111,112.347916667,2024-07-01T03:00:00+08:00,2024-06-30T19:00:00+00:00,2024-07-01T06:00:00+08:00,2024-06-30T22:00:00+00:00,180,362.0,2024-07-01T05:50:00+08:00|2024-07-01T05:55:00+08:00|2024-07-01T06:00:00+08:00,0.0488578102068212,True,0.75803980592284,477.5474812424924,hunan_202406301715,5606,0,11
129696,suspected_positive_flatline_ge60min,train_20240701T0300+0800,train,sili,25.9478611111,112.347916667,2024-07-01T03:00:00+08:00,2024-06-30T19:00:00+00:00,2024-07-01T06:15:00+08:00,2024-06-30T22:15:00+00:00,195,362.0,2024-07-01T06:05:00+08:00|2024-07-01T06:10:00+08:00|2024-07-01T06:15:00+08:00,0.1025897529366486,True,10.616362741927565,34.0983073770022,hunan_202406301715,5606,0,12
129697,suspected_positive_flatline_ge60min,train_20240701T0300+0800,train,sili,25.9478611111,112.347916667,2024-07-01T03:00:00+08:00,2024-06-30T19:00:00+00:00,2024-07-01T06:30:00+08:00,2024-06-30T22:30:00+00:00,210,362.0,2024-07-01T06:20:00+08:00|2024-07-01T06:25:00+08:00|2024-07-01T06:30:00+08:00,0.1566188251765872,True,37.042773491835156,9.772486395485231,hunan_202406301715,5606,0,13
129698,suspected_positive_flatline_ge60min,train_20240701T0300+0800,train,sili,25.9478611111,112.347916667,2024-07-01T03:00:00+08:00,2024-06-30T19:00:00+00:00,2024-07-01T06:45:00+08:00,2024-06-30T22:45:00+00:00,225,362.0,2024-07-01T06:35:00+08:00|2024-07-01T06:40:00+08:00|2024-07-01T06:45:00+08:00,0.2107137117588196,True,76.00543133022377,4.762817520595396,hunan_202406301715,5606,0,14
129699,suspected_positive_flatline_ge60min,train_20240701T0300+0800,train,sili,25.9478611111,112.347916667,2024-07-01T03:00:00+08:00,2024-06-30T19:00:00+00:00,2024-07-01T07:00:00+08:00,2024-06-30T23:00:00+00:00,240,362.0,2024-07-01T06:50:00+08:00|2024-07-01T06:55:00+08:00|2024-07-01T07:00:00+08:00,0.2646428133064632,True,122.39708610567651,2.957586749144114,hunan_202406301715,5606,0,15
129706,suspected_positive_flatline_ge60min,train_20240701T0315+0800,train,sili,25.9478611111,112.347916667,2024-07-01T03:15:00+08:00,2024-06-30T19:15:00+00:00,2024-07-01T06:00:00+08:00,2024-06-30T22:00:00+00:00,165,362.0,2024-07-01T05:50:00+08:00|2024-07-01T05:55:00+08:00|2024-07-01T06:00:00+08:00,0.0488578102068212,True,0.75803980592284,477.5474812424924,hunan_202406301730,5607,0,10
129707,suspected_positive_flatline_ge60min,train_20240701T0315+0800,train,sili,25.9478611111,112.347916667,2024-07-01T03:15:00+08:00,2024-06-30T19:15:00+00:00,2024-07-01T06:15:00+08:00,2024-06-30T22:15:00+00:00,180,362.0,2024-07-01T06:05:00+08:00|2024-07-01T06:10:00+08:00|2024-07-01T06:15:00+08:00,0.1025897529366486,True,10.616362741927565,34.0983073770022,hunan_202406301730,5607,0,11
129708,suspected_positive_flatline_ge60min,train_20240701T0315+0800,train,sili,25.9478611111,112.347916667,2024-07-01T03:15:00+08:00,2024-06-30T19:15:00+00:00,2024-07-01T06:30:00+08:00,2024-06-30T22:30:00+00:00,195,362.0,2024-07-01T06:20:00+08:00|2024-07-01T06:25:00+08:00|2024-07-01T06:30:00+08:00,0.1566188251765872,True,37.042773491835156,9.772486395485231,hunan_202406301730,5607,0,12
129709,suspected_positive_flatline_ge60min,train_20240701T0315+0800,train,sili,25.9478611111,112.347916667,2024-07-01T03:15:00+08:00,2024-06-30T19:15:00+00:00,2024-07-01T06:45:00+08:00,2024-06-30T22:45:00+00:00,210,362.0,2024-07-01T06:35:00+08:00|2024-07-01T06:40:00+08:00|2024-07-01T06:45:00+08:00,0.2107137117588196,True,76.00543133022377,4.762817520595396,hunan_202406301730,5607,0,13
129710,suspected_positive_flatline_ge60min,train_20240701T0315+0800,train,sili,25.9478611111,112.347916667,2024-07-01T03:15:00+08:00,2024-06-30T19:15:00+00:00,2024-07-01T07:00:00+08:00,2024-06-30T23:00:00+00:00,225,362.0,2024-07-01T06:50:00+08:00|2024-07-01T06:55:00+08:00|2024-07-01T07:00:00+08:00,0.2646428133064632,True,122.39708610567651,2.957586749144114,hunan_202406301730,5607,0,14
129711,suspected_positive_flatline_ge60min,train_20240701T0315+0800,train,sili,25.9478611111,112.347916667,2024-07-01T03:15:00+08:00,2024-06-30T19:15:00+00:00,2024-07-01T07:15:00+08:00,2024-06-30T23:15:00+00:00,240,362.0,2024-07-01T07:05:00+08:00|2024-07-01T07:10:00+08:00|2024-07-01T07:15:00+08:00,0.3181752376977865,True,173.0127706539375,2.092331095743662,hunan_202406301730,5607,0,15
129719,suspected_positive_flatline_ge60min,train_20240701T0330+0800,train,sili,25.9478611111,112.347916667,2024-07-01T03:30:00+08:00,2024-06-30T19:30:00+00:00,2024-07-01T06:00:00+08:00,2024-06-30T22:00:00+00:00,150,362.0,2024-07-01T05:50:00+08:00|2024-07-01T05:55:00+08:00|2024-07-01T06:00:00+08:00,0.0488578102068212,True,0.75803980592284,477.5474812424924,hunan_202406301745,5608,0,9
129720,suspected_positive_flatline_ge60min,train_20240701T0330+0800,train,sili,25.9478611111,112.347916667,2024-07-01T03:30:00+08:00,2024-06-30T19:30:00+00:00,2024-07-01T06:15:00+08:00,2024-06-30T22:15:00+00:00,165,362.0,2024-07-01T06:05:00+08:00|2024-07-01T06:10:00+08:00|2024-07-01T06:15:00+08:00,0.1025897529366486,True,10.616362741927565,34.0983073770022,hunan_202406301745,5608,0,10
129721,suspected_positive_flatline_ge60min,train_20240701T0330+0800,train,sili,25.9478611111,112.347916667,2024-07-01T03:30:00+08:00,2024-06-30T19:30:00+00:00,2024-07-01T06:30:00+08:00,2024-06-30T22:30:00+00:00,180,362.0,2024-07-01T06:20:00+08:00|2024-07-01T06:25:00+08:00|2024-07-01T06:30:00+08:00,0.1566188251765872,True,37.042773491835156,9.772486395485231,hunan_202406301745,5608,0,11
129722,suspected_positive_flatline_ge60min,train_20240701T0330+0800,train,sili,25.9478611111,112.347916667,2024-07-01T03:30:00+08:00,2024-06-30T19:30:00+00:00,2024-07-01T06:45:00+08:00,2024-06-30T22:45:00+00:00,195,362.0,2024-07-01T06:35:00+08:00|2024-07-01T06:40:00+08:00|2024-07-01T06:45:00+08:00,0.2107137117588196,True,76.00543133022377,4.762817520595396,hunan_202406301745,5608,0,12
129723,suspected_positive_flatline_ge60min,train_20240701T0330+0800,train,sili,25.9478611111,112.347916667,2024-07-01T03:30:00+08:00,2024-06-30T19:30:00+00:00,2024-07-01T07:00:00+08:00,2024-06-30T23:00:00+00:00,210,362.0,2024-07-01T06:50:00+08:00|2024-07-01T06:55:00+08:00|2024-07-01T07:00:00+08:00,0.2646428133064632,True,122.39708610567651,2.957586749144114,hunan_202406301745,5608,0,13
129724,suspected_positive_flatline_ge60min,train_20240701T0330+0800,train,sili,25.9478611111,112.347916667,2024-07-01T03:30:00+08:00,2024-06-30T19:30:00+00:00,2024-07-01T07:15:00+08:00,2024-06-30T23:15:00+00:00,225,362.0,2024-07-01T07:05:00+08:00|2024-07-01T07:10:00+08:00|2024-07-01T07:15:00+08:00,0.3181752376977865,True,173.0127706539375,2.092331095743662,hunan_202406301745,5608,0,14
129725,suspected_positive_flatline_ge60min,train_20240701T0330+0800,train,sili,25.9478611111,112.347916667,2024-07-01T03:30:00+08:00,2024-06-30T19:30:00+00:00,2024-07-01T07:30:00+08:00,2024-06-30T23:30:00+00:00,240,362.0,2024-07-01T07:20:00+08:00|2024-07-01T07:25:00+08:00|2024-07-01T07:30:00+08:00,0.3710817885132746,True,225.93329466569048,1.6022428236424606,hunan_202406301745,5608,0,15
129734,suspected_positive_flatline_ge60min,train_20240701T0345+0800,train,sili,25.9478611111,112.347916667,2024-07-01T03:45:00+08:00,2024-06-30T19:45:00+00:00,2024-07-01T06:00:00+08:00,2024-06-30T22:00:00+00:00,135,362.0,2024-07-01T05:50:00+08:00|2024-07-01T05:55:00+08:00|2024-07-01T06:00:00+08:00,0.0488578102068212,True,0.75803980592284,477.5474812424924,hunan_202406301800,5609,0,8
129735,suspected_positive_flatline_ge60min,train_20240701T0345+0800,train,sili,25.9478611111,112.347916667,2024-07-01T03:45:00+08:00,2024-06-30T19:45:00+00:00,2024-07-01T06:15:00+08:00,2024-06-30T22:15:00+00:00,150,362.0,2024-07-01T06:05:00+08:00|2024-07-01T06:10:00+08:00|2024-07-01T06:15:00+08:00,0.1025897529366486,True,10.616362741927565,34.0983073770022,hunan_202406301800,5609,0,9
129736,suspected_positive_flatline_ge60min,train_20240701T0345+0800,train,sili,25.9478611111,112.347916667,2024-07-01T03:45:00+08:00,2024-06-30T19:45:00+00:00,2024-07-01T06:30:00+08:00,2024-06-30T22:30:00+00:00,165,362.0,2024-07-01T06:20:00+08:00|2024-07-01T06:25:00+08:00|2024-07-01T06:30:00+08:00,0.1566188251765872,True,37.042773491835156,9.772486395485231,hunan_202406301800,5609,0,10
129737,suspected_positive_flatline_ge60min,train_20240701T0345+0800,train,sili,25.9478611111,112.347916667,2024-07-01T03:45:00+08:00,2024-06-30T19:45:00+00:00,2024-07-01T06:45:00+08:00,2024-06-30T22:45:00+00:00,180,362.0,2024-07-01T06:35:00+08:00|2024-07-01T06:40:00+08:00|2024-07-01T06:45:00+08:00,0.2107137117588196,True,76.00543133022377,4.762817520595396,hunan_202406301800,5609,0,11
129738,suspected_positive_flatline_ge60min,train_20240701T0345+0800,train,sili,25.9478611111,112.347916667,2024-07-01T03:45:00+08:00,2024-06-30T19:45:00+00:00,2024-07-01T07:00:00+08:00,2024-06-30T23:00:00+00:00,195,362.0,2024-07-01T06:50:00+08:00|2024-07-01T06:55:00+08:00|2024-07-01T07:00:00+08:00,0.2646428133064632,True,122.39708610567651,2.957586749144114,hunan_202406301800,5609,0,12
129739,suspected_positive_flatline_ge60min,train_20240701T0345+0800,train,sili,25.9478611111,112.347916667,2024-07-01T03:45:00+08:00,2024-06-30T19:45:00+00:00,2024-07-01T07:15:00+08:00,2024-06-30T23:15:00+00:00,210,362.0,2024-07-01T07:05:00+08:00|2024-07-01T07:10:00+08:00|2024-07-01T07:15:00+08:00,0.3181752376977865,True,173.0127706539375,2.092331095743662,hunan_202406301800,5609,0,13
129740,suspected_positive_flatline_ge60min,train_20240701T0345+0800,train,sili,25.9478611111,112.347916667,2024-07-01T03:45:00+08:00,2024-06-30T19:45:00+00:00,2024-07-01T07:30:00+08:00,2024-06-30T23:30:00+00:00,225,362.0,2024-07-01T07:20:00+08:00|2024-07-01T07:25:00+08:00|2024-07-01T07:30:00+08:00,0.3710817885132746,True,225.93329466569048,1.6022428236424606,hunan_202406301800,5609,0,14
129741,suspected_positive_flatline_ge60min,train_20240701T0345+0800,train,sili,25.9478611111,112.347916667,2024-07-01T03:45:00+08:00,2024-06-30T19:45:00+00:00,2024-07-01T07:45:00+08:00,2024-06-30T23:45:00+00:00,240,362.0,2024-07-01T07:35:00+08:00|2024-07-01T07:40:00+08:00|2024-07-01T07:45:00+08:00,0.4231359462340348,True,279.936729871125,1.2931493490213113,hunan_202406301800,5609,0,15
129751,suspected_positive_flatline_ge60min,train_20240701T0400+0800,train,sili,25.9478611111,112.347916667,2024-07-01T04:00:00+08:00,2024-06-30T20:00:00+00:00,2024-07-01T06:00:00+08:00,2024-06-30T22:00:00+00:00,120,362.0,2024-07-01T05:50:00+08:00|2024-07-01T05:55:00+08:00|2024-07-01T06:00:00+08:00,0.0488578102068212,True,0.75803980592284,477.5474812424924,hunan_202406301815,5610,0,7
129752,suspected_positive_flatline_ge60min,train_20240701T0400+0800,train,sili,25.9478611111,112.347916667,2024-07-01T04:00:00+08:00,2024-06-30T20:00:00+00:00,2024-07-01T06:15:00+08:00,2024-06-30T22:15:00+00:00,135,362.0,2024-07-01T06:05:00+08:00|2024-07-01T06:10:00+08:00|2024-07-01T06:15:00+08:00,0.1025897529366486,True,10.616362741927565,34.0983073770022,hunan_202406301815,5610,0,8
129753,suspected_positive_flatline_ge60min,train_20240701T0400+0800,train,sili,25.9478611111,112.347916667,2024-07-01T04:00:00+08:00,2024-06-30T20:00:00+00:00,2024-07-01T06:30:00+08:00,2024-06-30T22:30:00+00:00,150,362.0,2024-07-01T06:20:00+08:00|2024-07-01T06:25:00+08:00|2024-07-01T06:30:00+08:00,0.1566188251765872,True,37.042773491835156,9.772486395485231,hunan_202406301815,5610,0,9
129754,suspected_positive_flatline_ge60min,train_20240701T0400+0800,train,sili,25.9478611111,112.347916667,2024-07-01T04:00:00+08:00,2024-06-30T20:00:00+00:00,2024-07-01T06:45:00+08:00,2024-06-30T22:45:00+00:00,165,362.0,2024-07-01T06:35:00+08:00|2024-07-01T06:40:00+08:00|2024-07-01T06:45:00+08:00,0.2107137117588196,True,76.00543133022377,4.762817520595396,hunan_202406301815,5610,0,10
129755,suspected_positive_flatline_ge60min,train_20240701T0400+0800,train,sili,25.9478611111,112.347916667,2024-07-01T04:00:00+08:00,2024-06-30T20:00:00+00:00,2024-07-01T07:00:00+08:00,2024-06-30T23:00:00+00:00,180,362.0,2024-07-01T06:50:00+08:00|2024-07-01T06:55:00+08:00|2024-07-01T07:00:00+08:00,0.2646428133064632,True,122.39708610567651,2.957586749144114,hunan_202406301815,5610,0,11
129756,suspected_positive_flatline_ge60min,train_20240701T0400+0800,train,sili,25.9478611111,112.347916667,2024-07-01T04:00:00+08:00,2024-06-30T20:00:00+00:00,2024-07-01T07:15:00+08:00,2024-06-30T23:15:00+00:00,195,362.0,2024-07-01T07:05:00+08:00|2024-07-01T07:10:00+08:00|2024-07-01T07:15:00+08:00,0.3181752376977865,True,173.0127706539375,2.092331095743662,hunan_202406301815,5610,0,12
129757,suspected_positive_flatline_ge60min,train_20240701T0400+0800,train,sili,25.9478611111,112.347916667,2024-07-01T04:00:00+08:00,2024-06-30T20:00:00+00:00,2024-07-01T07:30:00+08:00,2024-06-30T23:30:00+00:00,210,362.0,2024-07-01T07:20:00+08:00|2024-07-01T07:25:00+08:00|2024-07-01T07:30:00+08:00,0.3710817885132746,True,225.93329466569048,1.6022428236424606,hunan_202406301815,5610,0,13
129758,suspected_positive_flatline_ge60min,train_20240701T0400+0800,train,sili,25.9478611111,112.347916667,2024-07-01T04:00:00+08:00,2024-06-30T20:00:00+00:00,2024-07-01T07:45:00+08:00,2024-06-30T23:45:00+00:00,225,362.0,2024-07-01T07:35:00+08:00|2024-07-01T07:40:00+08:00|2024-07-01T07:45:00+08:00,0.4231359462340348,True,279.936729871125,1.2931493490213113,hunan_202406301815,5610,0,14
129759,suspected_positive_flatline_ge60min,train_20240701T0400+0800,train,sili,25.9478611111,112.347916667,2024-07-01T04:00:00+08:00,2024-06-30T20:00:00+00:00,2024-07-01T08:00:00+08:00,2024-07-01T00:00:00+00:00,240,362.0,2024-07-01T07:50:00+08:00|2024-07-01T07:55:00+08:00|2024-07-01T08:00:00+08:00,0.4741148379910074,True,334.1808325720944,1.083245849900455,hunan_202406301815,5610,0,15
129770,suspected_positive_flatline_ge60min,train_20240701T0415+0800,train,sili,25.9478611111,112.347916667,2024-07-01T04:15:00+08:00,2024-06-30T20:15:00+00:00,2024-07-01T06:00:00+08:00,2024-06-30T22:00:00+00:00,105,362.0,2024-07-01T05:50:00+08:00|2024-07-01T05:55:00+08:00|2024-07-01T06:00:00+08:00,0.0488578102068212,True,0.75803980592284,477.5474812424924,hunan_202406301830,5611,0,6
129771,suspected_positive_flatline_ge60min,train_20240701T0415+0800,train,sili,25.9478611111,112.347916667,2024-07-01T04:15:00+08:00,2024-06-30T20:15:00+00:00,2024-07-01T06:15:00+08:00,2024-06-30T22:15:00+00:00,120,362.0,2024-07-01T06:05:00+08:00|2024-07-01T06:10:00+08:00|2024-07-01T06:15:00+08:00,0.1025897529366486,True,10.616362741927565,34.0983073770022,hunan_202406301830,5611,0,7
129772,suspected_positive_flatline_ge60min,train_20240701T0415+0800,train,sili,25.9478611111,112.347916667,2024-07-01T04:15:00+08:00,2024-06-30T20:15:00+00:00,2024-07-01T06:30:00+08:00,2024-06-30T22:30:00+00:00,135,362.0,2024-07-01T06:20:00+08:00|2024-07-01T06:25:00+08:00|2024-07-01T06:30:00+08:00,0.1566188251765872,True,37.042773491835156,9.772486395485231,hunan_202406301830,5611,0,8
129773,suspected_positive_flatline_ge60min,train_20240701T0415+0800,train,sili,25.9478611111,112.347916667,2024-07-01T04:15:00+08:00,2024-06-30T20:15:00+00:00,2024-07-01T06:45:00+08:00,2024-06-30T22:45:00+00:00,150,362.0,2024-07-01T06:35:00+08:00|2024-07-01T06:40:00+08:00|2024-07-01T06:45:00+08:00,0.2107137117588196,True,76.00543133022377,4.762817520595396,hunan_202406301830,5611,0,9
129774,suspected_positive_flatline_ge60min,train_20240701T0415+0800,train,sili,25.9478611111,112.347916667,2024-07-01T04:15:00+08:00,2024-06-30T20:15:00+00:00,2024-07-01T07:00:00+08:00,2024-06-30T23:00:00+00:00,165,362.0,2024-07-01T06:50:00+08:00|2024-07-01T06:55:00+08:00|2024-07-01T07:00:00+08:00,0.2646428133064632,True,122.39708610567651,2.957586749144114,hunan_202406301830,5611,0,10
129775,suspected_positive_flatline_ge60min,train_20240701T0415+0800,train,sili,25.9478611111,112.347916667,2024-07-01T04:15:00+08:00,2024-06-30T20:15:00+00:00,2024-07-01T07:15:00+08:00,2024-06-30T23:15:00+00:00,180,362.0,2024-07-01T07:05:00+08:00|2024-07-01T07:10:00+08:00|2024-07-01T07:15:00+08:00,0.3181752376977865,True,173.0127706539375,2.092331095743662,hunan_202406301830,5611,0,11
129776,suspected_positive_flatline_ge60min,train_20240701T0415+0800,train,sili,25.9478611111,112.347916667,2024-07-01T04:15:00+08:00,2024-06-30T20:15:00+00:00,2024-07-01T07:30:00+08:00,2024-06-30T23:30:00+00:00,195,362.0,2024-07-01T07:20:00+08:00|2024-07-01T07:25:00+08:00|2024-07-01T07:30:00+08:00,0.3710817885132746,True,225.93329466569048,1.6022428236424606,hunan_202406301830,5611,0,12
129777,suspected_positive_flatline_ge60min,train_20240701T0415+0800,train,sili,25.9478611111,112.347916667,2024-07-01T04:15:00+08:00,2024-06-30T20:15:00+00:00,2024-07-01T07:45:00+08:00,2024-06-30T23:45:00+00:00,210,362.0,2024-07-01T07:35:00+08:00|2024-07-01T07:40:00+08:00|2024-07-01T07:45:00+08:00,0.4231359462340348,True,279.936729871125,1.2931493490213113,hunan_202406301830,5611,0,13
129778,suspected_positive_flatline_ge60min,train_20240701T0415+0800,train,sili,25.9478611111,112.347916667,2024-07-01T04:15:00+08:00,2024-06-30T20:15:00+00:00,2024-07-01T08:00:00+08:00,2024-07-01T00:00:00+00:00,225,362.0,2024-07-01T07:50:00+08:00|2024-07-01T07:55:00+08:00|2024-07-01T08:00:00+08:00,0.4741148379910074,True,334.1808325720944,1.083245849900455,hunan_202406301830,5611,0,14
129779,suspected_positive_flatline_ge60min,train_20240701T0415+0800,train,sili,25.9478611111,112.347916667,2024-07-01T04:15:00+08:00,2024-06-30T20:15:00+00:00,2024-07-01T08:15:00+08:00,2024-07-01T00:15:00+00:00,240,362.0,2024-07-01T08:05:00+08:00|2024-07-01T08:10:00+08:00|2024-07-01T08:15:00+08:00,0.5238001917134352,True,387.8317900175227,0.9333943459963517,hunan_202406301830,5611,0,15
129791,suspected_positive_flatline_ge60min,train_20240701T0430+0800,train,sili,25.9478611111,112.347916667,2024-07-01T04:30:00+08:00,2024-06-30T20:30:00+00:00,2024-07-01T06:00:00+08:00,2024-06-30T22:00:00+00:00,90,362.0,2024-07-01T05:50:00+08:00|2024-07-01T05:55:00+08:00|2024-07-01T06:00:00+08:00,0.0488578102068212,True,0.75803980592284,477.5474812424924,hunan_202406301845,5612,0,5
129792,suspected_positive_flatline_ge60min,train_20240701T0430+0800,train,sili,25.9478611111,112.347916667,2024-07-01T04:30:00+08:00,2024-06-30T20:30:00+00:00,2024-07-01T06:15:00+08:00,2024-06-30T22:15:00+00:00,105,362.0,2024-07-01T06:05:00+08:00|2024-07-01T06:10:00+08:00|2024-07-01T06:15:00+08:00,0.1025897529366486,True,10.616362741927565,34.0983073770022,hunan_202406301845,5612,0,6
129793,suspected_positive_flatline_ge60min,train_20240701T0430+0800,train,sili,25.9478611111,112.347916667,2024-07-01T04:30:00+08:00,2024-06-30T20:30:00+00:00,2024-07-01T06:30:00+08:00,2024-06-30T22:30:00+00:00,120,362.0,2024-07-01T06:20:00+08:00|2024-07-01T06:25:00+08:00|2024-07-01T06:30:00+08:00,0.1566188251765872,True,37.042773491835156,9.772486395485231,hunan_202406301845,5612,0,7
129794,suspected_positive_flatline_ge60min,train_20240701T0430+0800,train,sili,25.9478611111,112.347916667,2024-07-01T04:30:00+08:00,2024-06-30T20:30:00+00:00,2024-07-01T06:45:00+08:00,2024-06-30T22:45:00+00:00,135,362.0,2024-07-01T06:35:00+08:00|2024-07-01T06:40:00+08:00|2024-07-01T06:45:00+08:00,0.2107137117588196,True,76.00543133022377,4.762817520595396,hunan_202406301845,5612,0,8
129795,suspected_positive_flatline_ge60min,train_20240701T0430+0800,train,sili,25.9478611111,112.347916667,2024-07-01T04:30:00+08:00,2024-06-30T20:30:00+00:00,2024-07-01T07:00:00+08:00,2024-06-30T23:00:00+00:00,150,362.0,2024-07-01T06:50:00+08:00|2024-07-01T06:55:00+08:00|2024-07-01T07:00:00+08:00,0.2646428133064632,True,122.39708610567651,2.957586749144114,hunan_202406301845,5612,0,9
129796,suspected_positive_flatline_ge60min,train_20240701T0430+0800,train,sili,25.9478611111,112.347916667,2024-07-01T04:30:00+08:00,2024-06-30T20:30:00+00:00,2024-07-01T07:15:00+08:00,2024-06-30T23:15:00+00:00,165,362.0,2024-07-01T07:05:00+08:00|2024-07-01T07:10:00+08:00|2024-07-01T07:15:00+08:00,0.3181752376977865,True,173.0127706539375,2.092331095743662,hunan_202406301845,5612,0,10
129797,suspected_positive_flatline_ge60min,train_20240701T0430+0800,train,sili,25.9478611111,112.347916667,2024-07-01T04:30:00+08:00,2024-06-30T20:30:00+00:00,2024-07-01T07:30:00+08:00,2024-06-30T23:30:00+00:00,180,362.0,2024-07-01T07:20:00+08:00|2024-07-01T07:25:00+08:00|2024-07-01T07:30:00+08:00,0.3710817885132746,True,225.93329466569048,1.6022428236424606,hunan_202406301845,5612,0,11
129798,suspected_positive_flatline_ge60min,train_20240701T0430+0800,train,sili,25.9478611111,112.347916667,2024-07-01T04:30:00+08:00,2024-06-30T20:30:00+00:00,2024-07-01T07:45:00+08:00,2024-06-30T23:45:00+00:00,195,362.0,2024-07-01T07:35:00+08:00|2024-07-01T07:40:00+08:00|2024-07-01T07:45:00+08:00,0.4231359462340348,True,279.936729871125,1.2931493490213113,hunan_202406301845,5612,0,12
129799,suspected_positive_flatline_ge60min,train_20240701T0430+0800,train,sili,25.9478611111,112.347916667,2024-07-01T04:30:00+08:00,2024-06-30T20:30:00+00:00,2024-07-01T08:00:00+08:00,2024-07-01T00:00:00+00:00,210,362.0,2024-07-01T07:50:00+08:00|2024-07-01T07:55:00+08:00|2024-07-01T08:00:00+08:00,0.4741148379910074,True,334.1808325720944,1.083245849900455,hunan_202406301845,5612,0,13
129800,suspected_positive_flatline_ge60min,train_20240701T0430+0800,train,sili,25.9478611111,112.347916667,2024-07-01T04:30:00+08:00,2024-06-30T20:30:00+00:00,2024-07-01T08:15:00+08:00,2024-07-01T00:15:00+00:00,225,362.0,2024-07-01T08:05:00+08:00|2024-07-01T08:10:00+08:00|2024-07-01T08:15:00+08:00,0.5238001917134352,True,387.8317900175227,0.9333943459963517,hunan_202406301845,5612,0,14
129801,suspected_positive_flatline_ge60min,train_20240701T0430+0800,train,sili,25.9478611111,112.347916667,2024-07-01T04:30:00+08:00,2024-06-30T20:30:00+00:00,2024-07-01T08:30:00+08:00,2024-07-01T00:30:00+00:00,240,362.0,2024-07-01T08:20:00+08:00|2024-07-01T08:25:00+08:00|2024-07-01T08:30:00+08:00,0.5719792705917613,True,440.80345217318853,0.8212276882481692,hunan_202406301845,5612,0,15
129814,suspected_positive_flatline_ge60min,train_20240701T0445+0800,train,sili,25.9478611111,112.347916667,2024-07-01T04:45:00+08:00,2024-06-30T20:45:00+00:00,2024-07-01T06:00:00+08:00,2024-06-30T22:00:00+00:00,75,362.0,2024-07-01T05:50:00+08:00|2024-07-01T05:55:00+08:00|2024-07-01T06:00:00+08:00,0.0488578102068212,True,0.75803980592284,477.5474812424924,hunan_202406301900,5613,0,4
129815,suspected_positive_flatline_ge60min,train_20240701T0445+0800,train,sili,25.9478611111,112.347916667,2024-07-01T04:45:00+08:00,2024-06-30T20:45:00+00:00,2024-07-01T06:15:00+08:00,2024-06-30T22:15:00+00:00,90,362.0,2024-07-01T06:05:00+08:00|2024-07-01T06:10:00+08:00|2024-07-01T06:15:00+08:00,0.1025897529366486,True,10.616362741927565,34.0983073770022,hunan_202406301900,5613,0,5
129816,suspected_positive_flatline_ge60min,train_20240701T0445+0800,train,sili,25.9478611111,112.347916667,2024-07-01T04:45:00+08:00,2024-06-30T20:45:00+00:00,2024-07-01T06:30:00+08:00,2024-06-30T22:30:00+00:00,105,362.0,2024-07-01T06:20:00+08:00|2024-07-01T06:25:00+08:00|2024-07-01T06:30:00+08:00,0.1566188251765872,True,37.042773491835156,9.772486395485231,hunan_202406301900,5613,0,6
129817,suspected_positive_flatline_ge60min,train_20240701T0445+0800,train,sili,25.9478611111,112.347916667,2024-07-01T04:45:00+08:00,2024-06-30T20:45:00+00:00,2024-07-01T06:45:00+08:00,2024-06-30T22:45:00+00:00,120,362.0,2024-07-01T06:35:00+08:00|2024-07-01T06:40:00+08:00|2024-07-01T06:45:00+08:00,0.2107137117588196,True,76.00543133022377,4.762817520595396,hunan_202406301900,5613,0,7
129818,suspected_positive_flatline_ge60min,train_20240701T0445+0800,train,sili,25.9478611111,112.347916667,2024-07-01T04:45:00+08:00,2024-06-30T20:45:00+00:00,2024-07-01T07:00:00+08:00,2024-06-30T23:00:00+00:00,135,362.0,2024-07-01T06:50:00+08:00|2024-07-01T06:55:00+08:00|2024-07-01T07:00:00+08:00,0.2646428133064632,True,122.39708610567651,2.957586749144114,hunan_202406301900,5613,0,8
129819,suspected_positive_flatline_ge60min,train_20240701T0445+0800,train,sili,25.9478611111,112.347916667,2024-07-01T04:45:00+08:00,2024-06-30T20:45:00+00:00,2024-07-01T07:15:00+08:00,2024-06-30T23:15:00+00:00,150,362.0,2024-07-01T07:05:00+08:00|2024-07-01T07:10:00+08:00|2024-07-01T07:15:00+08:00,0.3181752376977865,True,173.0127706539375,2.092331095743662,hunan_202406301900,5613,0,9
129820,suspected_positive_flatline_ge60min,train_20240701T0445+0800,train,sili,25.9478611111,112.347916667,2024-07-01T04:45:00+08:00,2024-06-30T20:45:00+00:00,2024-07-01T07:30:00+08:00,2024-06-30T23:30:00+00:00,165,362.0,2024-07-01T07:20:00+08:00|2024-07-01T07:25:00+08:00|2024-07-01T07:30:00+08:00,0.3710817885132746,True,225.93329466569048,1.6022428236424606,hunan_202406301900,5613,0,10
129821,suspected_positive_flatline_ge60min,train_20240701T0445+0800,train,sili,25.9478611111,112.347916667,2024-07-01T04:45:00+08:00,2024-06-30T20:45:00+00:00,2024-07-01T07:45:00+08:00,2024-06-30T23:45:00+00:00,180,362.0,2024-07-01T07:35:00+08:00|2024-07-01T07:40:00+08:00|2024-07-01T07:45:00+08:00,0.4231359462340348,True,279.936729871125,1.2931493490213113,hunan_202406301900,5613,0,11
129822,suspected_positive_flatline_ge60min,train_20240701T0445+0800,train,sili,25.9478611111,112.347916667,2024-07-01T04:45:00+08:00,2024-06-30T20:45:00+00:00,2024-07-01T08:00:00+08:00,2024-07-01T00:00:00+00:00,195,362.0,2024-07-01T07:50:00+08:00|2024-07-01T07:55:00+08:00|2024-07-01T08:00:00+08:00,0.4741148379910074,True,334.1808325720944,1.083245849900455,hunan_202406301900,5613,0,12
129823,suspected_positive_flatline_ge60min,train_20240701T0445+0800,train,sili,25.9478611111,112.347916667,2024-07-01T04:45:00+08:00,2024-06-30T20:45:00+00:00,2024-07-01T08:15:00+08:00,2024-07-01T00:15:00+00:00,210,362.0,2024-07-01T08:05:00+08:00|2024-07-01T08:10:00+08:00|2024-07-01T08:15:00+08:00,0.5238001917134352,True,387.8317900175227,0.9333943459963517,hunan_202406301900,5613,0,13
129824,suspected_positive_flatline_ge60min,train_20240701T0445+0800,train,sili,25.9478611111,112.347916667,2024-07-01T04:45:00+08:00,2024-06-30T20:45:00+00:00,2024-07-01T08:30:00+08:00,2024-07-01T00:30:00+00:00,225,362.0,2024-07-01T08:20:00+08:00|2024-07-01T08:25:00+08:00|2024-07-01T08:30:00+08:00,0.5719792705917613,True,440.80345217318853,0.8212276882481692,hunan_202406301900,5613,0,14
129825,suspected_positive_flatline_ge60min,train_20240701T0445+0800,train,sili,25.9478611111,112.347916667,2024-07-01T04:45:00+08:00,2024-06-30T20:45:00+00:00,2024-07-01T08:45:00+08:00,2024-07-01T00:45:00+00:00,240,362.0,2024-07-01T08:35:00+08:00|2024-07-01T08:40:00+08:00|2024-07-01T08:45:00+08:00,0.6184457838543783,True,492.4870992588563,0.7350446347625628,hunan_202406301900,5613,0,15
129839,suspected_positive_flatline_ge60min,train_20240701T0500+0800,train,sili,25.9478611111,112.347916667,2024-07-01T05:00:00+08:00,2024-06-30T21:00:00+00:00,2024-07-01T06:00:00+08:00,2024-06-30T22:00:00+00:00,60,362.0,2024-07-01T05:50:00+08:00|2024-07-01T05:55:00+08:00|2024-07-01T06:00:00+08:00,0.0488578102068212,True,0.75803980592284,477.5474812424924,hunan_202406301915,5614,0,3
129840,suspected_positive_flatline_ge60min,train_20240701T0500+0800,train,sili,25.9478611111,112.347916667,2024-07-01T05:00:00+08:00,2024-06-30T21:00:00+00:00,2024-07-01T06:15:00+08:00,2024-06-30T22:15:00+00:00,75,362.0,2024-07-01T06:05:00+08:00|2024-07-01T06:10:00+08:00|2024-07-01T06:15:00+08:00,0.1025897529366486,True,10.616362741927565,34.0983073770022,hunan_202406301915,5614,0,4
129841,suspected_positive_flatline_ge60min,train_20240701T0500+0800,train,sili,25.9478611111,112.347916667,2024-07-01T05:00:00+08:00,2024-06-30T21:00:00+00:00,2024-07-01T06:30:00+08:00,2024-06-30T22:30:00+00:00,90,362.0,2024-07-01T06:20:00+08:00|2024-07-01T06:25:00+08:00|2024-07-01T06:30:00+08:00,0.1566188251765872,True,37.042773491835156,9.772486395485231,hunan_202406301915,5614,0,5
129842,suspected_positive_flatline_ge60min,train_20240701T0500+0800,train,sili,25.9478611111,112.347916667,2024-07-01T05:00:00+08:00,2024-06-30T21:00:00+00:00,2024-07-01T06:45:00+08:00,2024-06-30T22:45:00+00:00,105,362.0,2024-07-01T06:35:00+08:00|2024-07-01T06:40:00+08:00|2024-07-01T06:45:00+08:00,0.2107137117588196,True,76.00543133022377,4.762817520595396,hunan_202406301915,5614,0,6
129843,suspected_positive_flatline_ge60min,train_20240701T0500+0800,train,sili,25.9478611111,112.347916667,2024-07-01T05:00:00+08:00,2024-06-30T21:00:00+00:00,2024-07-01T07:00:00+08:00,2024-06-30T23:00:00+00:00,120,362.0,2024-07-01T06:50:00+08:00|2024-07-01T06:55:00+08:00|2024-07-01T07:00:00+08:00,0.2646428133064632,True,122.39708610567651,2.957586749144114,hunan_202406301915,5614,0,7
129844,suspected_positive_flatline_ge60min,train_20240701T0500+0800,train,sili,25.9478611111,112.347916667,2024-07-01T05:00:00+08:00,2024-06-30T21:00:00+00:00,2024-07-01T07:15:00+08:00,2024-06-30T23:15:00+00:00,135,362.0,2024-07-01T07:05:00+08:00|2024-07-01T07:10:00+08:00|2024-07-01T07:15:00+08:00,0.3181752376977865,True,173.0127706539375,2.092331095743662,hunan_202406301915,5614,0,8
129845,suspected_positive_flatline_ge60min,train_20240701T0500+0800,train,sili,25.9478611111,112.347916667,2024-07-01T05:00:00+08:00,2024-06-30T21:00:00+00:00,2024-07-01T07:30:00+08:00,2024-06-30T23:30:00+00:00,150,362.0,2024-07-01T07:20:00+08:00|2024-07-01T07:25:00+08:00|2024-07-01T07:30:00+08:00,0.3710817885132746,True,225.93329466569048,1.6022428236424606,hunan_202406301915,5614,0,9
129846,suspected_positive_flatline_ge60min,train_20240701T0500+0800,train,sili,25.9478611111,112.347916667,2024-07-01T05:00:00+08:00,2024-06-30T21:00:00+00:00,2024-07-01T07:45:00+08:00,2024-06-30T23:45:00+00:00,165,362.0,2024-07-01T07:35:00+08:00|2024-07-01T07:40:00+08:00|2024-07-01T07:45:00+08:00,0.4231359462340348,True,279.936729871125,1.2931493490213113,hunan_202406301915,5614,0,10
129847,suspected_positive_flatline_ge60min,train_20240701T0500+0800,train,sili,25.9478611111,112.347916667,2024-07-01T05:00:00+08:00,2024-06-30T21:00:00+00:00,2024-07-01T08:00:00+08:00,2024-07-01T00:00:00+00:00,180,362.0,2024-07-01T07:50:00+08:00|2024-07-01T07:55:00+08:00|2024-07-01T08:00:00+08:00,0.4741148379910074,True,334.1808325720944,1.083245849900455,hunan_202406301915,5614,0,11
129848,suspected_positive_flatline_ge60min,train_20240701T0500+0800,train,sili,25.9478611111,112.347916667,2024-07-01T05:00:00+08:00,2024-06-30T21:00:00+00:00,2024-07-01T08:15:00+08:00,2024-07-01T00:15:00+00:00,195,362.0,2024-07-01T08:05:00+08:00|2024-07-01T08:10:00+08:00|2024-07-01T08:15:00+08:00,0.5238001917134352,True,387.8317900175227,0.9333943459963517,hunan_202406301915,5614,0,12
129849,suspected_positive_flatline_ge60min,train_20240701T0500+0800,train,sili,25.9478611111,112.347916667,2024-07-01T05:00:00+08:00,2024-06-30T21:00:00+00:00,2024-07-01T08:30:00+08:00,2024-07-01T00:30:00+00:00,210,362.0,2024-07-01T08:20:00+08:00|2024-07-01T08:25:00+08:00|2024-07-01T08:30:00+08:00,0.5719792705917613,True,440.80345217318853,0.8212276882481692,hunan_202406301915,5614,0,13
129850,suspected_positive_flatline_ge60min,train_20240701T0500+0800,train,sili,25.9478611111,112.347916667,2024-07-01T05:00:00+08:00,2024-06-30T21:00:00+00:00,2024-07-01T08:45:00+08:00,2024-07-01T00:45:00+00:00,225,362.0,2024-07-01T08:35:00+08:00|2024-07-01T08:40:00+08:00|2024-07-01T08:45:00+08:00,0.6184457838543783,True,492.4870992588563,0.7350446347625628,hunan_202406301915,5614,0,14
129866,suspected_positive_flatline_ge60min,train_20240701T0515+0800,train,sili,25.9478611111,112.347916667,2024-07-01T05:15:00+08:00,2024-06-30T21:15:00+00:00,2024-07-01T06:00:00+08:00,2024-06-30T22:00:00+00:00,45,362.0,2024-07-01T05:50:00+08:00|2024-07-01T05:55:00+08:00|2024-07-01T06:00:00+08:00,0.0488578102068212,True,0.75803980592284,477.5474812424924,hunan_202406301930,5615,0,2
129867,suspected_positive_flatline_ge60min,train_20240701T0515+0800,train,sili,25.9478611111,112.347916667,2024-07-01T05:15:00+08:00,2024-06-30T21:15:00+00:00,2024-07-01T06:15:00+08:00,2024-06-30T22:15:00+00:00,60,362.0,2024-07-01T06:05:00+08:00|2024-07-01T06:10:00+08:00|2024-07-01T06:15:00+08:00,0.1025897529366486,True,10.616362741927565,34.0983073770022,hunan_202406301930,5615,0,3
129868,suspected_positive_flatline_ge60min,train_20240701T0515+0800,train,sili,25.9478611111,112.347916667,2024-07-01T05:15:00+08:00,2024-06-30T21:15:00+00:00,2024-07-01T06:30:00+08:00,2024-06-30T22:30:00+00:00,75,362.0,2024-07-01T06:20:00+08:00|2024-07-01T06:25:00+08:00|2024-07-01T06:30:00+08:00,0.1566188251765872,True,37.042773491835156,9.772486395485231,hunan_202406301930,5615,0,4
129869,suspected_positive_flatline_ge60min,train_20240701T0515+0800,train,sili,25.9478611111,112.347916667,2024-07-01T05:15:00+08:00,2024-06-30T21:15:00+00:00,2024-07-01T06:45:00+08:00,2024-06-30T22:45:00+00:00,90,362.0,2024-07-01T06:35:00+08:00|2024-07-01T06:40:00+08:00|2024-07-01T06:45:00+08:00,0.2107137117588196,True,76.00543133022377,4.762817520595396,hunan_202406301930,5615,0,5
129870,suspected_positive_flatline_ge60min,train_20240701T0515+0800,train,sili,25.9478611111,112.347916667,2024-07-01T05:15:00+08:00,2024-06-30T21:15:00+00:00,2024-07-01T07:00:00+08:00,2024-06-30T23:00:00+00:00,105,362.0,2024-07-01T06:50:00+08:00|2024-07-01T06:55:00+08:00|2024-07-01T07:00:00+08:00,0.2646428133064632,True,122.39708610567651,2.957586749144114,hunan_202406301930,5615,0,6
129871,suspected_positive_flatline_ge60min,train_20240701T0515+0800,train,sili,25.9478611111,112.347916667,2024-07-01T05:15:00+08:00,2024-06-30T21:15:00+00:00,2024-07-01T07:15:00+08:00,2024-06-30T23:15:00+00:00,120,362.0,2024-07-01T07:05:00+08:00|2024-07-01T07:10:00+08:00|2024-07-01T07:15:00+08:00,0.3181752376977865,True,173.0127706539375,2.092331095743662,hunan_202406301930,5615,0,7
129872,suspected_positive_flatline_ge60min,train_20240701T0515+0800,train,sili,25.9478611111,112.347916667,2024-07-01T05:15:00+08:00,2024-06-30T21:15:00+00:00,2024-07-01T07:30:00+08:00,2024-06-30T23:30:00+00:00,135,362.0,2024-07-01T07:20:00+08:00|2024-07-01T07:25:00+08:00|2024-07-01T07:30:00+08:00,0.3710817885132746,True,225.93329466569048,1.6022428236424606,hunan_202406301930,5615,0,8
129873,suspected_positive_flatline_ge60min,train_20240701T0515+0800,train,sili,25.9478611111,112.347916667,2024-07-01T05:15:00+08:00,2024-06-30T21:15:00+00:00,2024-07-01T07:45:00+08:00,2024-06-30T23:45:00+00:00,150,362.0,2024-07-01T07:35:00+08:00|2024-07-01T07:40:00+08:00|2024-07-01T07:45:00+08:00,0.4231359462340348,True,279.936729871125,1.2931493490213113,hunan_202406301930,5615,0,9
129874,suspected_positive_flatline_ge60min,train_20240701T0515+0800,train,sili,25.9478611111,112.347916667,2024-07-01T05:15:00+08:00,2024-06-30T21:15:00+00:00,2024-07-01T08:00:00+08:00,2024-07-01T00:00:00+00:00,165,362.0,2024-07-01T07:50:00+08:00|2024-07-01T07:55:00+08:00|2024-07-01T08:00:00+08:00,0.4741148379910074,True,334.1808325720944,1.083245849900455,hunan_202406301930,5615,0,10
129875,suspected_positive_flatline_ge60min,train_20240701T0515+0800,train,sili,25.9478611111,112.347916667,2024-07-01T05:15:00+08:00,2024-06-30T21:15:00+00:00,2024-07-01T08:15:00+08:00,2024-07-01T00:15:00+00:00,180,362.0,2024-07-01T08:05:00+08:00|2024-07-01T08:10:00+08:00|2024-07-01T08:15:00+08:00,0.5238001917134352,True,387.8317900175227,0.9333943459963517,hunan_202406301930,5615,0,11
129876,suspected_positive_flatline_ge60min,train_20240701T0515+0800,train,sili,25.9478611111,112.347916667,2024-07-01T05:15:00+08:00,2024-06-30T21:15:00+00:00,2024-07-01T08:30:00+08:00,2024-07-01T00:30:00+00:00,195,362.0,2024-07-01T08:20:00+08:00|2024-07-01T08:25:00+08:00|2024-07-01T08:30:00+08:00,0.5719792705917613,True,440.80345217318853,0.8212276882481692,hunan_202406301930,5615,0,12
129877,suspected_positive_flatline_ge60min,train_20240701T0515+0800,train,sili,25.9478611111,112.347916667,2024-07-01T05:15:00+08:00,2024-06-30T21:15:00+00:00,2024-07-01T08:45:00+08:00,2024-07-01T00:45:00+00:00,210,362.0,2024-07-01T08:35:00+08:00|2024-07-01T08:40:00+08:00|2024-07-01T08:45:00+08:00,0.6184457838543783,True,492.4870992588563,0.7350446347625628,hunan_202406301930,5615,0,13
129895,suspected_positive_flatline_ge60min,train_20240701T0530+0800,train,sili,25.9478611111,112.347916667,2024-07-01T05:30:00+08:00,2024-06-30T21:30:00+00:00,2024-07-01T06:00:00+08:00,2024-06-30T22:00:00+00:00,30,362.0,2024-07-01T05:50:00+08:00|2024-07-01T05:55:00+08:00|2024-07-01T06:00:00+08:00,0.0488578102068212,True,0.75803980592284,477.5474812424924,hunan_202406301945,5616,0,1
129896,suspected_positive_flatline_ge60min,train_20240701T0530+0800,train,sili,25.9478611111,112.347916667,2024-07-01T05:30:00+08:00,2024-06-30T21:30:00+00:00,2024-07-01T06:15:00+08:00,2024-06-30T22:15:00+00:00,45,362.0,2024-07-01T06:05:00+08:00|2024-07-01T06:10:00+08:00|2024-07-01T06:15:00+08:00,0.1025897529366486,True,10.616362741927565,34.0983073770022,hunan_202406301945,5616,0,2
129897,suspected_positive_flatline_ge60min,train_20240701T0530+0800,train,sili,25.9478611111,112.347916667,2024-07-01T05:30:00+08:00,2024-06-30T21:30:00+00:00,2024-07-01T06:30:00+08:00,2024-06-30T22:30:00+00:00,60,362.0,2024-07-01T06:20:00+08:00|2024-07-01T06:25:00+08:00|2024-07-01T06:30:00+08:00,0.1566188251765872,True,37.042773491835156,9.772486395485231,hunan_202406301945,5616,0,3
129898,suspected_positive_flatline_ge60min,train_20240701T0530+0800,train,sili,25.9478611111,112.347916667,2024-07-01T05:30:00+08:00,2024-06-30T21:30:00+00:00,2024-07-01T06:45:00+08:00,2024-06-30T22:45:00+00:00,75,362.0,2024-07-01T06:35:00+08:00|2024-07-01T06:40:00+08:00|2024-07-01T06:45:00+08:00,0.2107137117588196,True,76.00543133022377,4.762817520595396,hunan_202406301945,5616,0,4
129899,suspected_positive_flatline_ge60min,train_20240701T0530+0800,train,sili,25.9478611111,112.347916667,2024-07-01T05:30:00+08:00,2024-06-30T21:30:00+00:00,2024-07-01T07:00:00+08:00,2024-06-30T23:00:00+00:00,90,362.0,2024-07-01T06:50:00+08:00|2024-07-01T06:55:00+08:00|2024-07-01T07:00:00+08:00,0.2646428133064632,True,122.39708610567651,2.957586749144114,hunan_202406301945,5616,0,5
129900,suspected_positive_flatline_ge60min,train_20240701T0530+0800,train,sili,25.9478611111,112.347916667,2024-07-01T05:30:00+08:00,2024-06-30T21:30:00+00:00,2024-07-01T07:15:00+08:00,2024-06-30T23:15:00+00:00,105,362.0,2024-07-01T07:05:00+08:00|2024-07-01T07:10:00+08:00|2024-07-01T07:15:00+08:00,0.3181752376977865,True,173.0127706539375,2.092331095743662,hunan_202406301945,5616,0,6
129901,suspected_positive_flatline_ge60min,train_20240701T0530+0800,train,sili,25.9478611111,112.347916667,2024-07-01T05:30:00+08:00,2024-06-30T21:30:00+00:00,2024-07-01T07:30:00+08:00,2024-06-30T23:30:00+00:00,120,362.0,2024-07-01T07:20:00+08:00|2024-07-01T07:25:00+08:00|2024-07-01T07:30:00+08:00,0.3710817885132746,True,225.93329466569048,1.6022428236424606,hunan_202406301945,5616,0,7
129902,suspected_positive_flatline_ge60min,train_20240701T0530+0800,train,sili,25.9478611111,112.347916667,2024-07-01T05:30:00+08:00,2024-06-30T21:30:00+00:00,2024-07-01T07:45:00+08:00,2024-06-30T23:45:00+00:00,135,362.0,2024-07-01T07:35:00+08:00|2024-07-01T07:40:00+08:00|2024-07-01T07:45:00+08:00,0.4231359462340348,True,279.936729871125,1.2931493490213113,hunan_202406301945,5616,0,8
129903,suspected_positive_flatline_ge60min,train_20240701T0530+0800,train,sili,25.9478611111,112.347916667,2024-07-01T05:30:00+08:00,2024-06-30T21:30:00+00:00,2024-07-01T08:00:00+08:00,2024-07-01T00:00:00+00:00,150,362.0,2024-07-01T07:50:00+08:00|2024-07-01T07:55:00+08:00|2024-07-01T08:00:00+08:00,0.4741148379910074,True,334.1808325720944,1.083245849900455,hunan_202406301945,5616,0,9
129904,suspected_positive_flatline_ge60min,train_20240701T0530+0800,train,sili,25.9478611111,112.347916667,2024-07-01T05:30:00+08:00,2024-06-30T21:30:00+00:00,2024-07-01T08:15:00+08:00,2024-07-01T00:15:00+00:00,165,362.0,2024-07-01T08:05:00+08:00|2024-07-01T08:10:00+08:00|2024-07-01T08:15:00+08:00,0.5238001917134352,True,387.8317900175227,0.9333943459963517,hunan_202406301945,5616,0,10
129905,suspected_positive_flatline_ge60min,train_20240701T0530+0800,train,sili,25.9478611111,112.347916667,2024-07-01T05:30:00+08:00,2024-06-30T21:30:00+00:00,2024-07-01T08:30:00+08:00,2024-07-01T00:30:00+00:00,180,362.0,2024-07-01T08:20:00+08:00|2024-07-01T08:25:00+08:00|2024-07-01T08:30:00+08:00,0.5719792705917613,True,440.80345217318853,0.8212276882481692,hunan_202406301945,5616,0,11
129906,suspected_positive_flatline_ge60min,train_20240701T0530+0800,train,sili,25.9478611111,112.347916667,2024-07-01T05:30:00+08:00,2024-06-30T21:30:00+00:00,2024-07-01T08:45:00+08:00,2024-07-01T00:45:00+00:00,195,362.0,2024-07-01T08:35:00+08:00|2024-07-01T08:40:00+08:00|2024-07-01T08:45:00+08:00,0.6184457838543783,True,492.4870992588563,0.7350446347625628,hunan_202406301945,5616,0,12
129926,suspected_positive_flatline_ge60min,train_20240701T0545+0800,train,sili,25.9478611111,112.347916667,2024-07-01T05:45:00+08:00,2024-06-30T21:45:00+00:00,2024-07-01T06:00:00+08:00,2024-06-30T22:00:00+00:00,15,362.0,2024-07-01T05:50:00+08:00|2024-07-01T05:55:00+08:00|2024-07-01T06:00:00+08:00,0.0488578102068212,True,0.75803980592284,477.5474812424924,hunan_202406302000,5617,0,0
129927,suspected_positive_flatline_ge60min,train_20240701T0545+0800,train,sili,25.9478611111,112.347916667,2024-07-01T05:45:00+08:00,2024-06-30T21:45:00+00:00,2024-07-01T06:15:00+08:00,2024-06-30T22:15:00+00:00,30,362.0,2024-07-01T06:05:00+08:00|2024-07-01T06:10:00+08:00|2024-07-01T06:15:00+08:00,0.1025897529366486,True,10.616362741927565,34.0983073770022,hunan_202406302000,5617,0,1
129928,suspected_positive_flatline_ge60min,train_20240701T0545+0800,train,sili,25.9478611111,112.347916667,2024-07-01T05:45:00+08:00,2024-06-30T21:45:00+00:00,2024-07-01T06:30:00+08:00,2024-06-30T22:30:00+00:00,45,362.0,2024-07-01T06:20:00+08:00|2024-07-01T06:25:00+08:00|2024-07-01T06:30:00+08:00,0.1566188251765872,True,37.042773491835156,9.772486395485231,hunan_202406302000,5617,0,2
129929,suspected_positive_flatline_ge60min,train_20240701T0545+0800,train,sili,25.9478611111,112.347916667,2024-07-01T05:45:00+08:00,2024-06-30T21:45:00+00:00,2024-07-01T06:45:00+08:00,2024-06-30T22:45:00+00:00,60,362.0,2024-07-01T06:35:00+08:00|2024-07-01T06:40:00+08:00|2024-07-01T06:45:00+08:00,0.2107137117588196,True,76.00543133022377,4.762817520595396,hunan_202406302000,5617,0,3
129930,suspected_positive_flatline_ge60min,train_20240701T0545+0800,train,sili,25.9478611111,112.347916667,2024-07-01T05:45:00+08:00,2024-06-30T21:45:00+00:00,2024-07-01T07:00:00+08:00,2024-06-30T23:00:00+00:00,75,362.0,2024-07-01T06:50:00+08:00|2024-07-01T06:55:00+08:00|2024-07-01T07:00:00+08:00,0.2646428133064632,True,122.39708610567651,2.957586749144114,hunan_202406302000,5617,0,4
129931,suspected_positive_flatline_ge60min,train_20240701T0545+0800,train,sili,25.9478611111,112.347916667,2024-07-01T05:45:00+08:00,2024-06-30T21:45:00+00:00,2024-07-01T07:15:00+08:00,2024-06-30T23:15:00+00:00,90,362.0,2024-07-01T07:05:00+08:00|2024-07-01T07:10:00+08:00|2024-07-01T07:15:00+08:00,0.3181752376977865,True,173.0127706539375,2.092331095743662,hunan_202406302000,5617,0,5
129932,suspected_positive_flatline_ge60min,train_20240701T0545+0800,train,sili,25.9478611111,112.347916667,2024-07-01T05:45:00+08:00,2024-06-30T21:45:00+00:00,2024-07-01T07:30:00+08:00,2024-06-30T23:30:00+00:00,105,362.0,2024-07-01T07:20:00+08:00|2024-07-01T07:25:00+08:00|2024-07-01T07:30:00+08:00,0.3710817885132746,True,225.93329466569048,1.6022428236424606,hunan_202406302000,5617,0,6
129933,suspected_positive_flatline_ge60min,train_20240701T0545+0800,train,sili,25.9478611111,112.347916667,2024-07-01T05:45:00+08:00,2024-06-30T21:45:00+00:00,2024-07-01T07:45:00+08:00,2024-06-30T23:45:00+00:00,120,362.0,2024-07-01T07:35:00+08:00|2024-07-01T07:40:00+08:00|2024-07-01T07:45:00+08:00,0.4231359462340348,True,279.936729871125,1.2931493490213113,hunan_202406302000,5617,0,7
129934,suspected_positive_flatline_ge60min,train_20240701T0545+0800,train,sili,25.9478611111,112.347916667,2024-07-01T05:45:00+08:00,2024-06-30T21:45:00+00:00,2024-07-01T08:00:00+08:00,2024-07-01T00:00:00+00:00,135,362.0,2024-07-01T07:50:00+08:00|2024-07-01T07:55:00+08:00|2024-07-01T08:00:00+08:00,0.4741148379910074,True,334.1808325720944,1.083245849900455,hunan_202406302000,5617,0,8
129935,suspected_positive_flatline_ge60min,train_20240701T0545+0800,train,sili,25.9478611111,112.347916667,2024-07-01T05:45:00+08:00,2024-06-30T21:45:00+00:00,2024-07-01T08:15:00+08:00,2024-07-01T00:15:00+00:00,150,362.0,2024-07-01T08:05:00+08:00|2024-07-01T08:10:00+08:00|2024-07-01T08:15:00+08:00,0.5238001917134352,True,387.8317900175227,0.9333943459963517,hunan_202406302000,5617,0,9
129936,suspected_positive_flatline_ge60min,train_20240701T0545+0800,train,sili,25.9478611111,112.347916667,2024-07-01T05:45:00+08:00,2024-06-30T21:45:00+00:00,2024-07-01T08:30:00+08:00,2024-07-01T00:30:00+00:00,165,362.0,2024-07-01T08:20:00+08:00|2024-07-01T08:25:00+08:00|2024-07-01T08:30:00+08:00,0.5719792705917613,True,440.80345217318853,0.8212276882481692,hunan_202406302000,5617,0,10
129937,suspected_positive_flatline_ge60min,train_20240701T0545+0800,train,sili,25.9478611111,112.347916667,2024-07-01T05:45:00+08:00,2024-06-30T21:45:00+00:00,2024-07-01T08:45:00+08:00,2024-07-01T00:45:00+00:00,180,362.0,2024-07-01T08:35:00+08:00|2024-07-01T08:40:00+08:00|2024-07-01T08:45:00+08:00,0.6184457838543783,True,492.4870992588563,0.7350446347625628,hunan_202406302000,5617,0,11
129958,suspected_positive_flatline_ge60min,train_20240701T0600+0800,train,sili,25.9478611111,112.347916667,2024-07-01T06:00:00+08:00,2024-06-30T22:00:00+00:00,2024-07-01T06:15:00+08:00,2024-06-30T22:15:00+00:00,15,362.0,2024-07-01T06:05:00+08:00|2024-07-01T06:10:00+08:00|2024-07-01T06:15:00+08:00,0.1025897529366486,True,10.616362741927565,34.0983073770022,hunan_202406302015,5618,0,0
129959,suspected_positive_flatline_ge60min,train_20240701T0600+0800,train,sili,25.9478611111,112.347916667,2024-07-01T06:00:00+08:00,2024-06-30T22:00:00+00:00,2024-07-01T06:30:00+08:00,2024-06-30T22:30:00+00:00,30,362.0,2024-07-01T06:20:00+08:00|2024-07-01T06:25:00+08:00|2024-07-01T06:30:00+08:00,0.1566188251765872,True,37.042773491835156,9.772486395485231,hunan_202406302015,5618,0,1
129960,suspected_positive_flatline_ge60min,train_20240701T0600+0800,train,sili,25.9478611111,112.347916667,2024-07-01T06:00:00+08:00,2024-06-30T22:00:00+00:00,2024-07-01T06:45:00+08:00,2024-06-30T22:45:00+00:00,45,362.0,2024-07-01T06:35:00+08:00|2024-07-01T06:40:00+08:00|2024-07-01T06:45:00+08:00,0.2107137117588196,True,76.00543133022377,4.762817520595396,hunan_202406302015,5618,0,2
129961,suspected_positive_flatline_ge60min,train_20240701T0600+0800,train,sili,25.9478611111,112.347916667,2024-07-01T06:00:00+08:00,2024-06-30T22:00:00+00:00,2024-07-01T07:00:00+08:00,2024-06-30T23:00:00+00:00,60,362.0,2024-07-01T06:50:00+08:00|2024-07-01T06:55:00+08:00|2024-07-01T07:00:00+08:00,0.2646428133064632,True,122.39708610567651,2.957586749144114,hunan_202406302015,5618,0,3
129962,suspected_positive_flatline_ge60min,train_20240701T0600+0800,train,sili,25.9478611111,112.347916667,2024-07-01T06:00:00+08:00,2024-06-30T22:00:00+00:00,2024-07-01T07:15:00+08:00,2024-06-30T23:15:00+00:00,75,362.0,2024-07-01T07:05:00+08:00|2024-07-01T07:10:00+08:00|2024-07-01T07:15:00+08:00,0.3181752376977865,True,173.0127706539375,2.092331095743662,hunan_202406302015,5618,0,4
129963,suspected_positive_flatline_ge60min,train_20240701T0600+0800,train,sili,25.9478611111,112.347916667,2024-07-01T06:00:00+08:00,2024-06-30T22:00:00+00:00,2024-07-01T07:30:00+08:00,2024-06-30T23:30:00+00:00,90,362.0,2024-07-01T07:20:00+08:00|2024-07-01T07:25:00+08:00|2024-07-01T07:30:00+08:00,0.3710817885132746,True,225.93329466569048,1.6022428236424606,hunan_202406302015,5618,0,5
129964,suspected_positive_flatline_ge60min,train_20240701T0600+0800,train,sili,25.9478611111,112.347916667,2024-07-01T06:00:00+08:00,2024-06-30T22:00:00+00:00,2024-07-01T07:45:00+08:00,2024-06-30T23:45:00+00:00,105,362.0,2024-07-01T07:35:00+08:00|2024-07-01T07:40:00+08:00|2024-07-01T07:45:00+08:00,0.4231359462340348,True,279.936729871125,1.2931493490213113,hunan_202406302015,5618,0,6
129965,suspected_positive_flatline_ge60min,train_20240701T0600+0800,train,sili,25.9478611111,112.347916667,2024-07-01T06:00:00+08:00,2024-06-30T22:00:00+00:00,2024-07-01T08:00:00+08:00,2024-07-01T00:00:00+00:00,120,362.0,2024-07-01T07:50:00+08:00|2024-07-01T07:55:00+08:00|2024-07-01T08:00:00+08:00,0.4741148379910074,True,334.1808325720944,1.083245849900455,hunan_202406302015,5618,0,7
129966,suspected_positive_flatline_ge60min,train_20240701T0600+0800,train,sili,25.9478611111,112.347916667,2024-07-01T06:00:00+08:00,2024-06-30T22:00:00+00:00,2024-07-01T08:15:00+08:00,2024-07-01T00:15:00+00:00,135,362.0,2024-07-01T08:05:00+08:00|2024-07-01T08:10:00+08:00|2024-07-01T08:15:00+08:00,0.5238001917134352,True,387.8317900175227,0.9333943459963517,hunan_202406302015,5618,0,8
129967,suspected_positive_flatline_ge60min,train_20240701T0600+0800,train,sili,25.9478611111,112.347916667,2024-07-01T06:00:00+08:00,2024-06-30T22:00:00+00:00,2024-07-01T08:30:00+08:00,2024-07-01T00:30:00+00:00,150,362.0,2024-07-01T08:20:00+08:00|2024-07-01T08:25:00+08:00|2024-07-01T08:30:00+08:00,0.5719792705917613,True,440.80345217318853,0.8212276882481692,hunan_202406302015,5618,0,9
129968,suspected_positive_flatline_ge60min,train_20240701T0600+0800,train,sili,25.9478611111,112.347916667,2024-07-01T06:00:00+08:00,2024-06-30T22:00:00+00:00,2024-07-01T08:45:00+08:00,2024-07-01T00:45:00+00:00,165,362.0,2024-07-01T08:35:00+08:00|2024-07-01T08:40:00+08:00|2024-07-01T08:45:00+08:00,0.6184457838543783,True,492.4870992588563,0.7350446347625628,hunan_202406302015,5618,0,10
129990,suspected_positive_flatline_ge60min,train_20240701T0615+0800,train,sili,25.9478611111,112.347916667,2024-07-01T06:15:00+08:00,2024-06-30T22:15:00+00:00,2024-07-01T06:30:00+08:00,2024-06-30T22:30:00+00:00,15,362.0,2024-07-01T06:20:00+08:00|2024-07-01T06:25:00+08:00|2024-07-01T06:30:00+08:00,0.1566188251765872,True,37.042773491835156,9.772486395485231,hunan_202406302030,5619,0,0
129991,suspected_positive_flatline_ge60min,train_20240701T0615+0800,train,sili,25.9478611111,112.347916667,2024-07-01T06:15:00+08:00,2024-06-30T22:15:00+00:00,2024-07-01T06:45:00+08:00,2024-06-30T22:45:00+00:00,30,362.0,2024-07-01T06:35:00+08:00|2024-07-01T06:40:00+08:00|2024-07-01T06:45:00+08:00,0.2107137117588196,True,76.00543133022377,4.762817520595396,hunan_202406302030,5619,0,1
129992,suspected_positive_flatline_ge60min,train_20240701T0615+0800,train,sili,25.9478611111,112.347916667,2024-07-01T06:15:00+08:00,2024-06-30T22:15:00+00:00,2024-07-01T07:00:00+08:00,2024-06-30T23:00:00+00:00,45,362.0,2024-07-01T06:50:00+08:00|2024-07-01T06:55:00+08:00|2024-07-01T07:00:00+08:00,0.2646428133064632,True,122.39708610567651,2.957586749144114,hunan_202406302030,5619,0,2
129993,suspected_positive_flatline_ge60min,train_20240701T0615+0800,train,sili,25.9478611111,112.347916667,2024-07-01T06:15:00+08:00,2024-06-30T22:15:00+00:00,2024-07-01T07:15:00+08:00,2024-06-30T23:15:00+00:00,60,362.0,2024-07-01T07:05:00+08:00|2024-07-01T07:10:00+08:00|2024-07-01T07:15:00+08:00,0.3181752376977865,True,173.0127706539375,2.092331095743662,hunan_202406302030,5619,0,3
129994,suspected_positive_flatline_ge60min,train_20240701T0615+0800,train,sili,25.9478611111,112.347916667,2024-07-01T06:15:00+08:00,2024-06-30T22:15:00+00:00,2024-07-01T07:30:00+08:00,2024-06-30T23:30:00+00:00,75,362.0,2024-07-01T07:20:00+08:00|2024-07-01T07:25:00+08:00|2024-07-01T07:30:00+08:00,0.3710817885132746,True,225.93329466569048,1.6022428236424606,hunan_202406302030,5619,0,4
129995,suspected_positive_flatline_ge60min,train_20240701T0615+0800,train,sili,25.9478611111,112.347916667,2024-07-01T06:15:00+08:00,2024-06-30T22:15:00+00:00,2024-07-01T07:45:00+08:00,2024-06-30T23:45:00+00:00,90,362.0,2024-07-01T07:35:00+08:00|2024-07-01T07:40:00+08:00|2024-07-01T07:45:00+08:00,0.4231359462340348,True,279.936729871125,1.2931493490213113,hunan_202406302030,5619,0,5
129996,suspected_positive_flatline_ge60min,train_20240701T0615+0800,train,sili,25.9478611111,112.347916667,2024-07-01T06:15:00+08:00,2024-06-30T22:15:00+00:00,2024-07-01T08:00:00+08:00,2024-07-01T00:00:00+00:00,105,362.0,2024-07-01T07:50:00+08:00|2024-07-01T07:55:00+08:00|2024-07-01T08:00:00+08:00,0.4741148379910074,True,334.1808325720944,1.083245849900455,hunan_202406302030,5619,0,6
129997,suspected_positive_flatline_ge60min,train_20240701T0615+0800,train,sili,25.9478611111,112.347916667,2024-07-01T06:15:00+08:00,2024-06-30T22:15:00+00:00,2024-07-01T08:15:00+08:00,2024-07-01T00:15:00+00:00,120,362.0,2024-07-01T08:05:00+08:00|2024-07-01T08:10:00+08:00|2024-07-01T08:15:00+08:00,0.5238001917134352,True,387.8317900175227,0.9333943459963517,hunan_202406302030,5619,0,7
129998,suspected_positive_flatline_ge60min,train_20240701T0615+0800,train,sili,25.9478611111,112.347916667,2024-07-01T06:15:00+08:00,2024-06-30T22:15:00+00:00,2024-07-01T08:30:00+08:00,2024-07-01T00:30:00+00:00,135,362.0,2024-07-01T08:20:00+08:00|2024-07-01T08:25:00+08:00|2024-07-01T08:30:00+08:00,0.5719792705917613,True,440.80345217318853,0.8212276882481692,hunan_202406302030,5619,0,8
129999,suspected_positive_flatline_ge60min,train_20240701T0615+0800,train,sili,25.9478611111,112.347916667,2024-07-01T06:15:00+08:00,2024-06-30T22:15:00+00:00,2024-07-01T08:45:00+08:00,2024-07-01T00:45:00+00:00,150,362.0,2024-07-01T08:35:00+08:00|2024-07-01T08:40:00+08:00|2024-07-01T08:45:00+08:00,0.6184457838543783,True,492.4870992588563,0.7350446347625628,hunan_202406302030,5619,0,9
130022,suspected_positive_flatline_ge60min,train_20240701T0630+0800,train,sili,25.9478611111,112.347916667,2024-07-01T06:30:00+08:00,2024-06-30T22:30:00+00:00,2024-07-01T06:45:00+08:00,2024-06-30T22:45:00+00:00,15,362.0,2024-07-01T06:35:00+08:00|2024-07-01T06:40:00+08:00|2024-07-01T06:45:00+08:00,0.2107137117588196,True,76.00543133022377,4.762817520595396,hunan_202406302045,5620,0,0
130023,suspected_positive_flatline_ge60min,train_20240701T0630+0800,train,sili,25.9478611111,112.347916667,2024-07-01T06:30:00+08:00,2024-06-30T22:30:00+00:00,2024-07-01T07:00:00+08:00,2024-06-30T23:00:00+00:00,30,362.0,2024-07-01T06:50:00+08:00|2024-07-01T06:55:00+08:00|2024-07-01T07:00:00+08:00,0.2646428133064632,True,122.39708610567651,2.957586749144114,hunan_202406302045,5620,0,1
130024,suspected_positive_flatline_ge60min,train_20240701T0630+0800,train,sili,25.9478611111,112.347916667,2024-07-01T06:30:00+08:00,2024-06-30T22:30:00+00:00,2024-07-01T07:15:00+08:00,2024-06-30T23:15:00+00:00,45,362.0,2024-07-01T07:05:00+08:00|2024-07-01T07:10:00+08:00|2024-07-01T07:15:00+08:00,0.3181752376977865,True,173.0127706539375,2.092331095743662,hunan_202406302045,5620,0,2
130025,suspected_positive_flatline_ge60min,train_20240701T0630+0800,train,sili,25.9478611111,112.347916667,2024-07-01T06:30:00+08:00,2024-06-30T22:30:00+00:00,2024-07-01T07:30:00+08:00,2024-06-30T23:30:00+00:00,60,362.0,2024-07-01T07:20:00+08:00|2024-07-01T07:25:00+08:00|2024-07-01T07:30:00+08:00,0.3710817885132746,True,225.93329466569048,1.6022428236424606,hunan_202406302045,5620,0,3
130026,suspected_positive_flatline_ge60min,train_20240701T0630+0800,train,sili,25.9478611111,112.347916667,2024-07-01T06:30:00+08:00,2024-06-30T22:30:00+00:00,2024-07-01T07:45:00+08:00,2024-06-30T23:45:00+00:00,75,362.0,2024-07-01T07:35:00+08:00|2024-07-01T07:40:00+08:00|2024-07-01T07:45:00+08:00,0.4231359462340348,True,279.936729871125,1.2931493490213113,hunan_202406302045,5620,0,4
130027,suspected_positive_flatline_ge60min,train_20240701T0630+0800,train,sili,25.9478611111,112.347916667,2024-07-01T06:30:00+08:00,2024-06-30T22:30:00+00:00,2024-07-01T08:00:00+08:00,2024-07-01T00:00:00+00:00,90,362.0,2024-07-01T07:50:00+08:00|2024-07-01T07:55:00+08:00|2024-07-01T08:00:00+08:00,0.4741148379910074,True,334.1808325720944,1.083245849900455,hunan_202406302045,5620,0,5
130028,suspected_positive_flatline_ge60min,train_20240701T0630+0800,train,sili,25.9478611111,112.347916667,2024-07-01T06:30:00+08:00,2024-06-30T22:30:00+00:00,2024-07-01T08:15:00+08:00,2024-07-01T00:15:00+00:00,105,362.0,2024-07-01T08:05:00+08:00|2024-07-01T08:10:00+08:00|2024-07-01T08:15:00+08:00,0.5238001917134352,True,387.8317900175227,0.9333943459963517,hunan_202406302045,5620,0,6
130029,suspected_positive_flatline_ge60min,train_20240701T0630+0800,train,sili,25.9478611111,112.347916667,2024-07-01T06:30:00+08:00,2024-06-30T22:30:00+00:00,2024-07-01T08:30:00+08:00,2024-07-01T00:30:00+00:00,120,362.0,2024-07-01T08:20:00+08:00|2024-07-01T08:25:00+08:00|2024-07-01T08:30:00+08:00,0.5719792705917613,True,440.80345217318853,0.8212276882481692,hunan_202406302045,5620,0,7
130030,suspected_positive_flatline_ge60min,train_20240701T0630+0800,train,sili,25.9478611111,112.347916667,2024-07-01T06:30:00+08:00,2024-06-30T22:30:00+00:00,2024-07-01T08:45:00+08:00,2024-07-01T00:45:00+00:00,135,362.0,2024-07-01T08:35:00+08:00|2024-07-01T08:40:00+08:00|2024-07-01T08:45:00+08:00,0.6184457838543783,True,492.4870992588563,0.7350446347625628,hunan_202406302045,5620,0,8
130054,suspected_positive_flatline_ge60min,train_20240701T0645+0800,train,sili,25.9478611111,112.347916667,2024-07-01T06:45:00+08:00,2024-06-30T22:45:00+00:00,2024-07-01T07:00:00+08:00,2024-06-30T23:00:00+00:00,15,362.0,2024-07-01T06:50:00+08:00|2024-07-01T06:55:00+08:00|2024-07-01T07:00:00+08:00,0.2646428133064632,True,122.39708610567651,2.957586749144114,hunan_202406302100,5621,0,0
130055,suspected_positive_flatline_ge60min,train_20240701T0645+0800,train,sili,25.9478611111,112.347916667,2024-07-01T06:45:00+08:00,2024-06-30T22:45:00+00:00,2024-07-01T07:15:00+08:00,2024-06-30T23:15:00+00:00,30,362.0,2024-07-01T07:05:00+08:00|2024-07-01T07:10:00+08:00|2024-07-01T07:15:00+08:00,0.3181752376977865,True,173.0127706539375,2.092331095743662,hunan_202406302100,5621,0,1
130056,suspected_positive_flatline_ge60min,train_20240701T0645+0800,train,sili,25.9478611111,112.347916667,2024-07-01T06:45:00+08:00,2024-06-30T22:45:00+00:00,2024-07-01T07:30:00+08:00,2024-06-30T23:30:00+00:00,45,362.0,2024-07-01T07:20:00+08:00|2024-07-01T07:25:00+08:00|2024-07-01T07:30:00+08:00,0.3710817885132746,True,225.93329466569048,1.6022428236424606,hunan_202406302100,5621,0,2
130057,suspected_positive_flatline_ge60min,train_20240701T0645+0800,train,sili,25.9478611111,112.347916667,2024-07-01T06:45:00+08:00,2024-06-30T22:45:00+00:00,2024-07-01T07:45:00+08:00,2024-06-30T23:45:00+00:00,60,362.0,2024-07-01T07:35:00+08:00|2024-07-01T07:40:00+08:00|2024-07-01T07:45:00+08:00,0.4231359462340348,True,279.936729871125,1.2931493490213113,hunan_202406302100,5621,0,3
130058,suspected_positive_flatline_ge60min,train_20240701T0645+0800,train,sili,25.9478611111,112.347916667,2024-07-01T06:45:00+08:00,2024-06-30T22:45:00+00:00,2024-07-01T08:00:00+08:00,2024-07-01T00:00:00+00:00,75,362.0,2024-07-01T07:50:00+08:00|2024-07-01T07:55:00+08:00|2024-07-01T08:00:00+08:00,0.4741148379910074,True,334.1808325720944,1.083245849900455,hunan_202406302100,5621,0,4
130059,suspected_positive_flatline_ge60min,train_20240701T0645+0800,train,sili,25.9478611111,112.347916667,2024-07-01T06:45:00+08:00,2024-06-30T22:45:00+00:00,2024-07-01T08:15:00+08:00,2024-07-01T00:15:00+00:00,90,362.0,2024-07-01T08:05:00+08:00|2024-07-01T08:10:00+08:00|2024-07-01T08:15:00+08:00,0.5238001917134352,True,387.8317900175227,0.9333943459963517,hunan_202406302100,5621,0,5
130060,suspected_positive_flatline_ge60min,train_20240701T0645+0800,train,sili,25.9478611111,112.347916667,2024-07-01T06:45:00+08:00,2024-06-30T22:45:00+00:00,2024-07-01T08:30:00+08:00,2024-07-01T00:30:00+00:00,105,362.0,2024-07-01T08:20:00+08:00|2024-07-01T08:25:00+08:00|2024-07-01T08:30:00+08:00,0.5719792705917613,True,440.80345217318853,0.8212276882481692,hunan_202406302100,5621,0,6
130061,suspected_positive_flatline_ge60min,train_20240701T0645+0800,train,sili,25.9478611111,112.347916667,2024-07-01T06:45:00+08:00,2024-06-30T22:45:00+00:00,2024-07-01T08:45:00+08:00,2024-07-01T00:45:00+00:00,120,362.0,2024-07-01T08:35:00+08:00|2024-07-01T08:40:00+08:00|2024-07-01T08:45:00+08:00,0.6184457838543783,True,492.4870992588563,0.7350446347625628,hunan_202406302100,5621,0,7
130086,suspected_positive_flatline_ge60min,train_20240701T0700+0800,train,sili,25.9478611111,112.347916667,2024-07-01T07:00:00+08:00,2024-06-30T23:00:00+00:00,2024-07-01T07:15:00+08:00,2024-06-30T23:15:00+00:00,15,362.0,2024-07-01T07:05:00+08:00|2024-07-01T07:10:00+08:00|2024-07-01T07:15:00+08:00,0.3181752376977865,True,173.0127706539375,2.092331095743662,hunan_202406302115,5622,0,0
130087,suspected_positive_flatline_ge60min,train_20240701T0700+0800,train,sili,25.9478611111,112.347916667,2024-07-01T07:00:00+08:00,2024-06-30T23:00:00+00:00,2024-07-01T07:30:00+08:00,2024-06-30T23:30:00+00:00,30,362.0,2024-07-01T07:20:00+08:00|2024-07-01T07:25:00+08:00|2024-07-01T07:30:00+08:00,0.3710817885132746,True,225.93329466569048,1.6022428236424606,hunan_202406302115,5622,0,1
130088,suspected_positive_flatline_ge60min,train_20240701T0700+0800,train,sili,25.9478611111,112.347916667,2024-07-01T07:00:00+08:00,2024-06-30T23:00:00+00:00,2024-07-01T07:45:00+08:00,2024-06-30T23:45:00+00:00,45,362.0,2024-07-01T07:35:00+08:00|2024-07-01T07:40:00+08:00|2024-07-01T07:45:00+08:00,0.4231359462340348,True,279.936729871125,1.2931493490213113,hunan_202406302115,5622,0,2
130089,suspected_positive_flatline_ge60min,train_20240701T0700+0800,train,sili,25.9478611111,112.347916667,2024-07-01T07:00:00+08:00,2024-06-30T23:00:00+00:00,2024-07-01T08:00:00+08:00,2024-07-01T00:00:00+00:00,60,362.0,2024-07-01T07:50:00+08:00|2024-07-01T07:55:00+08:00|2024-07-01T08:00:00+08:00,0.4741148379910074,True,334.1808325720944,1.083245849900455,hunan_202406302115,5622,0,3
130090,suspected_positive_flatline_ge60min,train_20240701T0700+0800,train,sili,25.9478611111,112.347916667,2024-07-01T07:00:00+08:00,2024-06-30T23:00:00+00:00,2024-07-01T08:15:00+08:00,2024-07-01T00:15:00+00:00,75,362.0,2024-07-01T08:05:00+08:00|2024-07-01T08:10:00+08:00|2024-07-01T08:15:00+08:00,0.5238001917134352,True,387.8317900175227,0.9333943459963517,hunan_202406302115,5622,0,4
130091,suspected_positive_flatline_ge60min,train_20240701T0700+0800,train,sili,25.9478611111,112.347916667,2024-07-01T07:00:00+08:00,2024-06-30T23:00:00+00:00,2024-07-01T08:30:00+08:00,2024-07-01T00:30:00+00:00,90,362.0,2024-07-01T08:20:00+08:00|2024-07-01T08:25:00+08:00|2024-07-01T08:30:00+08:00,0.5719792705917613,True,440.80345217318853,0.8212276882481692,hunan_202406302115,5622,0,5
130092,suspected_positive_flatline_ge60min,train_20240701T0700+0800,train,sili,25.9478611111,112.347916667,2024-07-01T07:00:00+08:00,2024-06-30T23:00:00+00:00,2024-07-01T08:45:00+08:00,2024-07-01T00:45:00+00:00,105,362.0,2024-07-01T08:35:00+08:00|2024-07-01T08:40:00+08:00|2024-07-01T08:45:00+08:00,0.6184457838543783,True,492.4870992588563,0.7350446347625628,hunan_202406302115,5622,0,6
130118,suspected_positive_flatline_ge60min,train_20240701T0715+0800,train,sili,25.9478611111,112.347916667,2024-07-01T07:15:00+08:00,2024-06-30T23:15:00+00:00,2024-07-01T07:30:00+08:00,2024-06-30T23:30:00+00:00,15,362.0,2024-07-01T07:20:00+08:00|2024-07-01T07:25:00+08:00|2024-07-01T07:30:00+08:00,0.3710817885132746,True,225.93329466569048,1.6022428236424606,hunan_202406302130,5623,0,0
130119,suspected_positive_flatline_ge60min,train_20240701T0715+0800,train,sili,25.9478611111,112.347916667,2024-07-01T07:15:00+08:00,2024-06-30T23:15:00+00:00,2024-07-01T07:45:00+08:00,2024-06-30T23:45:00+00:00,30,362.0,2024-07-01T07:35:00+08:00|2024-07-01T07:40:00+08:00|2024-07-01T07:45:00+08:00,0.4231359462340348,True,279.936729871125,1.2931493490213113,hunan_202406302130,5623,0,1
130120,suspected_positive_flatline_ge60min,train_20240701T0715+0800,train,sili,25.9478611111,112.347916667,2024-07-01T07:15:00+08:00,2024-06-30T23:15:00+00:00,2024-07-01T08:00:00+08:00,2024-07-01T00:00:00+00:00,45,362.0,2024-07-01T07:50:00+08:00|2024-07-01T07:55:00+08:00|2024-07-01T08:00:00+08:00,0.4741148379910074,True,334.1808325720944,1.083245849900455,hunan_202406302130,5623,0,2
130121,suspected_positive_flatline_ge60min,train_20240701T0715+0800,train,sili,25.9478611111,112.347916667,2024-07-01T07:15:00+08:00,2024-06-30T23:15:00+00:00,2024-07-01T08:15:00+08:00,2024-07-01T00:15:00+00:00,60,362.0,2024-07-01T08:05:00+08:00|2024-07-01T08:10:00+08:00|2024-07-01T08:15:00+08:00,0.5238001917134352,True,387.8317900175227,0.9333943459963517,hunan_202406302130,5623,0,3
130122,suspected_positive_flatline_ge60min,train_20240701T0715+0800,train,sili,25.9478611111,112.347916667,2024-07-01T07:15:00+08:00,2024-06-30T23:15:00+00:00,2024-07-01T08:30:00+08:00,2024-07-01T00:30:00+00:00,75,362.0,2024-07-01T08:20:00+08:00|2024-07-01T08:25:00+08:00|2024-07-01T08:30:00+08:00,0.5719792705917613,True,440.80345217318853,0.8212276882481692,hunan_202406302130,5623,0,4
130123,suspected_positive_flatline_ge60min,train_20240701T0715+0800,train,sili,25.9478611111,112.347916667,2024-07-01T07:15:00+08:00,2024-06-30T23:15:00+00:00,2024-07-01T08:45:00+08:00,2024-07-01T00:45:00+00:00,90,362.0,2024-07-01T08:35:00+08:00|2024-07-01T08:40:00+08:00|2024-07-01T08:45:00+08:00,0.6184457838543783,True,492.4870992588563,0.7350446347625628,hunan_202406302130,5623,0,5
130150,suspected_positive_flatline_ge60min,train_20240701T0730+0800,train,sili,25.9478611111,112.347916667,2024-07-01T07:30:00+08:00,2024-06-30T23:30:00+00:00,2024-07-01T07:45:00+08:00,2024-06-30T23:45:00+00:00,15,362.0,2024-07-01T07:35:00+08:00|2024-07-01T07:40:00+08:00|2024-07-01T07:45:00+08:00,0.4231359462340348,True,279.936729871125,1.2931493490213113,hunan_202406302145,5624,0,0
130151,suspected_positive_flatline_ge60min,train_20240701T0730+0800,train,sili,25.9478611111,112.347916667,2024-07-01T07:30:00+08:00,2024-06-30T23:30:00+00:00,2024-07-01T08:00:00+08:00,2024-07-01T00:00:00+00:00,30,362.0,2024-07-01T07:50:00+08:00|2024-07-01T07:55:00+08:00|2024-07-01T08:00:00+08:00,0.4741148379910074,True,334.1808325720944,1.083245849900455,hunan_202406302145,5624,0,1
130152,suspected_positive_flatline_ge60min,train_20240701T0730+0800,train,sili,25.9478611111,112.347916667,2024-07-01T07:30:00+08:00,2024-06-30T23:30:00+00:00,2024-07-01T08:15:00+08:00,2024-07-01T00:15:00+00:00,45,362.0,2024-07-01T08:05:00+08:00|2024-07-01T08:10:00+08:00|2024-07-01T08:15:00+08:00,0.5238001917134352,True,387.8317900175227,0.9333943459963517,hunan_202406302145,5624,0,2
130153,suspected_positive_flatline_ge60min,train_20240701T0730+0800,train,sili,25.9478611111,112.347916667,2024-07-01T07:30:00+08:00,2024-06-30T23:30:00+00:00,2024-07-01T08:30:00+08:00,2024-07-01T00:30:00+00:00,60,362.0,2024-07-01T08:20:00+08:00|2024-07-01T08:25:00+08:00|2024-07-01T08:30:00+08:00,0.5719792705917613,True,440.80345217318853,0.8212276882481692,hunan_202406302145,5624,0,3
130154,suspected_positive_flatline_ge60min,train_20240701T0730+0800,train,sili,25.9478611111,112.347916667,2024-07-01T07:30:00+08:00,2024-06-30T23:30:00+00:00,2024-07-01T08:45:00+08:00,2024-07-01T00:45:00+00:00,75,362.0,2024-07-01T08:35:00+08:00|2024-07-01T08:40:00+08:00|2024-07-01T08:45:00+08:00,0.6184457838543783,True,492.4870992588563,0.7350446347625628,hunan_202406302145,5624,0,4
130182,suspected_positive_flatline_ge60min,train_20240701T0745+0800,train,sili,25.9478611111,112.347916667,2024-07-01T07:45:00+08:00,2024-06-30T23:45:00+00:00,2024-07-01T08:00:00+08:00,2024-07-01T00:00:00+00:00,15,362.0,2024-07-01T07:50:00+08:00|2024-07-01T07:55:00+08:00|2024-07-01T08:00:00+08:00,0.4741148379910074,True,334.1808325720944,1.083245849900455,hunan_202406302200,5625,0,0
130183,suspected_positive_flatline_ge60min,train_20240701T0745+0800,train,sili,25.9478611111,112.347916667,2024-07-01T07:45:00+08:00,2024-06-30T23:45:00+00:00,2024-07-01T08:15:00+08:00,2024-07-01T00:15:00+00:00,30,362.0,2024-07-01T08:05:00+08:00|2024-07-01T08:10:00+08:00|2024-07-01T08:15:00+08:00,0.5238001917134352,True,387.8317900175227,0.9333943459963517,hunan_202406302200,5625,0,1
130184,suspected_positive_flatline_ge60min,train_20240701T0745+0800,train,sili,25.9478611111,112.347916667,2024-07-01T07:45:00+08:00,2024-06-30T23:45:00+00:00,2024-07-01T08:30:00+08:00,2024-07-01T00:30:00+00:00,45,362.0,2024-07-01T08:20:00+08:00|2024-07-01T08:25:00+08:00|2024-07-01T08:30:00+08:00,0.5719792705917613,True,440.80345217318853,0.8212276882481692,hunan_202406302200,5625,0,2
130185,suspected_positive_flatline_ge60min,train_20240701T0745+0800,train,sili,25.9478611111,112.347916667,2024-07-01T07:45:00+08:00,2024-06-30T23:45:00+00:00,2024-07-01T08:45:00+08:00,2024-07-01T00:45:00+00:00,60,362.0,2024-07-01T08:35:00+08:00|2024-07-01T08:40:00+08:00|2024-07-01T08:45:00+08:00,0.6184457838543783,True,492.4870992588563,0.7350446347625628,hunan_202406302200,5625,0,3
130214,suspected_positive_flatline_ge60min,train_20240701T0800+0800,train,sili,25.9478611111,112.347916667,2024-07-01T08:00:00+08:00,2024-07-01T00:00:00+00:00,2024-07-01T08:15:00+08:00,2024-07-01T00:15:00+00:00,15,362.0,2024-07-01T08:05:00+08:00|2024-07-01T08:10:00+08:00|2024-07-01T08:15:00+08:00,0.5238001917134352,True,387.8317900175227,0.9333943459963517,hunan_202406302215,5626,0,0
130215,suspected_positive_flatline_ge60min,train_20240701T0800+0800,train,sili,25.9478611111,112.347916667,2024-07-01T08:00:00+08:00,2024-07-01T00:00:00+00:00,2024-07-01T08:30:00+08:00,2024-07-01T00:30:00+00:00,30,362.0,2024-07-01T08:20:00+08:00|2024-07-01T08:25:00+08:00|2024-07-01T08:30:00+08:00,0.5719792705917613,True,440.80345217318853,0.8212276882481692,hunan_202406302215,5626,0,1
130216,suspected_positive_flatline_ge60min,train_20240701T0800+0800,train,sili,25.9478611111,112.347916667,2024-07-01T08:00:00+08:00,2024-07-01T00:00:00+00:00,2024-07-01T08:45:00+08:00,2024-07-01T00:45:00+00:00,45,362.0,2024-07-01T08:35:00+08:00|2024-07-01T08:40:00+08:00|2024-07-01T08:45:00+08:00,0.6184457838543783,True,492.4870992588563,0.7350446347625628,hunan_202406302215,5626,0,2
130246,suspected_positive_flatline_ge60min,train_20240701T0815+0800,train,sili,25.9478611111,112.347916667,2024-07-01T08:15:00+08:00,2024-07-01T00:15:00+00:00,2024-07-01T08:30:00+08:00,2024-07-01T00:30:00+00:00,15,362.0,2024-07-01T08:20:00+08:00|2024-07-01T08:25:00+08:00|2024-07-01T08:30:00+08:00,0.5719792705917613,True,440.80345217318853,0.8212276882481692,hunan_202406302230,5627,0,0
130247,suspected_positive_flatline_ge60min,train_20240701T0815+0800,train,sili,25.9478611111,112.347916667,2024-07-01T08:15:00+08:00,2024-07-01T00:15:00+00:00,2024-07-01T08:45:00+08:00,2024-07-01T00:45:00+00:00,30,362.0,2024-07-01T08:35:00+08:00|2024-07-01T08:40:00+08:00|2024-07-01T08:45:00+08:00,0.6184457838543783,True,492.4870992588563,0.7350446347625628,hunan_202406302230,5627,0,1
130278,suspected_positive_flatline_ge60min,train_20240701T0830+0800,train,sili,25.9478611111,112.347916667,2024-07-01T08:30:00+08:00,2024-07-01T00:30:00+00:00,2024-07-01T08:45:00+08:00,2024-07-01T00:45:00+00:00,15,362.0,2024-07-01T08:35:00+08:00|2024-07-01T08:40:00+08:00|2024-07-01T08:45:00+08:00,0.6184457838543783,True,492.4870992588563,0.7350446347625628,hunan_202406302245,5628,0,0
320198,suspected_positive_flatline_ge60min,train_20241205T0600+0800,train,zhujia,29.566666667,112.45,2024-12-05T06:00:00+08:00,2024-12-04T22:00:00+00:00,2024-12-05T10:00:00+08:00,2024-12-05T02:00:00+00:00,240,93.33333333333331,2024-12-05T09:50:00+08:00|2024-12-05T09:55:00+08:00|2024-12-05T10:00:00+08:00,0.4680198805284971,True,423.656467929538,0.22030428046918524,hunan_202412042015,15100,1,15
320222,suspected_positive_flatline_ge60min,train_20241205T0615+0800,train,zhujia,29.566666667,112.45,2024-12-05T06:15:00+08:00,2024-12-04T22:15:00+00:00,2024-12-05T10:00:00+08:00,2024-12-05T02:00:00+00:00,225,93.33333333333331,2024-12-05T09:50:00+08:00|2024-12-05T09:55:00+08:00|2024-12-05T10:00:00+08:00,0.4680198805284971,True,423.656467929538,0.22030428046918524,hunan_202412042030,15101,1,14
320223,suspected_positive_flatline_ge60min,train_20241205T0615+0800,train,zhujia,29.566666667,112.45,2024-12-05T06:15:00+08:00,2024-12-04T22:15:00+00:00,2024-12-05T10:15:00+08:00,2024-12-05T02:15:00+00:00,240,140.0,2024-12-05T10:05:00+08:00|2024-12-05T10:10:00+08:00|2024-12-05T10:15:00+08:00,0.4970167419031328,True,459.51716853910244,0.304667615456215,hunan_202412042030,15101,1,15
320248,suspected_positive_flatline_ge60min,train_20241205T0630+0800,train,zhujia,29.566666667,112.45,2024-12-05T06:30:00+08:00,2024-12-04T22:30:00+00:00,2024-12-05T10:00:00+08:00,2024-12-05T02:00:00+00:00,210,93.33333333333331,2024-12-05T09:50:00+08:00|2024-12-05T09:55:00+08:00|2024-12-05T10:00:00+08:00,0.4680198805284971,True,423.656467929538,0.22030428046918524,hunan_202412042045,15102,1,13
320249,suspected_positive_flatline_ge60min,train_20241205T0630+0800,train,zhujia,29.566666667,112.45,2024-12-05T06:30:00+08:00,2024-12-04T22:30:00+00:00,2024-12-05T10:15:00+08:00,2024-12-05T02:15:00+00:00,225,140.0,2024-12-05T10:05:00+08:00|2024-12-05T10:10:00+08:00|2024-12-05T10:15:00+08:00,0.4970167419031328,True,459.51716853910244,0.304667615456215,hunan_202412042045,15102,1,14
320250,suspected_positive_flatline_ge60min,train_20241205T0630+0800,train,zhujia,29.566666667,112.45,2024-12-05T06:30:00+08:00,2024-12-04T22:30:00+00:00,2024-12-05T10:30:00+08:00,2024-12-05T02:30:00+00:00,240,140.0,2024-12-05T10:20:00+08:00|2024-12-05T10:25:00+08:00|2024-12-05T10:30:00+08:00,0.5230814713855567,True,492.0886221477454,0.2845015993033186,hunan_202412042045,15102,1,15
320276,suspected_positive_flatline_ge60min,train_20241205T0645+0800,train,zhujia,29.566666667,112.45,2024-12-05T06:45:00+08:00,2024-12-04T22:45:00+00:00,2024-12-05T10:00:00+08:00,2024-12-05T02:00:00+00:00,195,93.33333333333331,2024-12-05T09:50:00+08:00|2024-12-05T09:55:00+08:00|2024-12-05T10:00:00+08:00,0.4680198805284971,True,423.656467929538,0.22030428046918524,hunan_202412042100,15103,1,12
320277,suspected_positive_flatline_ge60min,train_20241205T0645+0800,train,zhujia,29.566666667,112.45,2024-12-05T06:45:00+08:00,2024-12-04T22:45:00+00:00,2024-12-05T10:15:00+08:00,2024-12-05T02:15:00+00:00,210,140.0,2024-12-05T10:05:00+08:00|2024-12-05T10:10:00+08:00|2024-12-05T10:15:00+08:00,0.4970167419031328,True,459.51716853910244,0.304667615456215,hunan_202412042100,15103,1,13
320278,suspected_positive_flatline_ge60min,train_20241205T0645+0800,train,zhujia,29.566666667,112.45,2024-12-05T06:45:00+08:00,2024-12-04T22:45:00+00:00,2024-12-05T10:30:00+08:00,2024-12-05T02:30:00+00:00,225,140.0,2024-12-05T10:20:00+08:00|2024-12-05T10:25:00+08:00|2024-12-05T10:30:00+08:00,0.5230814713855567,True,492.0886221477454,0.2845015993033186,hunan_202412042100,15103,1,14
320279,suspected_positive_flatline_ge60min,train_20241205T0645+0800,train,zhujia,29.566666667,112.45,2024-12-05T06:45:00+08:00,2024-12-04T22:45:00+00:00,2024-12-05T10:45:00+08:00,2024-12-05T02:45:00+00:00,240,140.0,2024-12-05T10:35:00+08:00|2024-12-05T10:40:00+08:00|2024-12-05T10:45:00+08:00,0.5461025305160381,True,521.1839342214888,0.26861917800502244,hunan_202412042100,15103,1,15
320306,suspected_positive_flatline_ge60min,train_20241205T0700+0800,train,zhujia,29.566666667,112.45,2024-12-05T07:00:00+08:00,2024-12-04T23:00:00+00:00,2024-12-05T10:00:00+08:00,2024-12-05T02:00:00+00:00,180,93.33333333333331,2024-12-05T09:50:00+08:00|2024-12-05T09:55:00+08:00|2024-12-05T10:00:00+08:00,0.4680198805284971,True,423.656467929538,0.22030428046918524,hunan_202412042115,15104,1,11
320307,suspected_positive_flatline_ge60min,train_20241205T0700+0800,train,zhujia,29.566666667,112.45,2024-12-05T07:00:00+08:00,2024-12-04T23:00:00+00:00,2024-12-05T10:15:00+08:00,2024-12-05T02:15:00+00:00,195,140.0,2024-12-05T10:05:00+08:00|2024-12-05T10:10:00+08:00|2024-12-05T10:15:00+08:00,0.4970167419031328,True,459.51716853910244,0.304667615456215,hunan_202412042115,15104,1,12
320308,suspected_positive_flatline_ge60min,train_20241205T0700+0800,train,zhujia,29.566666667,112.45,2024-12-05T07:00:00+08:00,2024-12-04T23:00:00+00:00,2024-12-05T10:30:00+08:00,2024-12-05T02:30:00+00:00,210,140.0,2024-12-05T10:20:00+08:00|2024-12-05T10:25:00+08:00|2024-12-05T10:30:00+08:00,0.5230814713855567,True,492.0886221477454,0.2845015993033186,hunan_202412042115,15104,1,13
320309,suspected_positive_flatline_ge60min,train_20241205T0700+0800,train,zhujia,29.566666667,112.45,2024-12-05T07:00:00+08:00,2024-12-04T23:00:00+00:00,2024-12-05T10:45:00+08:00,2024-12-05T02:45:00+00:00,225,140.0,2024-12-05T10:35:00+08:00|2024-12-05T10:40:00+08:00|2024-12-05T10:45:00+08:00,0.5461025305160381,True,521.1839342214888,0.26861917800502244,hunan_202412042115,15104,1,14
320310,suspected_positive_flatline_ge60min,train_20241205T0700+0800,train,zhujia,29.566666667,112.45,2024-12-05T07:00:00+08:00,2024-12-04T23:00:00+00:00,2024-12-05T11:00:00+08:00,2024-12-05T03:00:00+00:00,240,140.0,2024-12-05T10:50:00+08:00|2024-12-05T10:55:00+08:00|2024-12-05T11:00:00+08:00,0.565981408966019,True,546.6439388558001,0.2561082087419445,hunan_202412042115,15104,1,15
320337,suspected_positive_flatline_ge60min,train_20241205T0715+0800,train,zhujia,29.566666667,112.45,2024-12-05T07:15:00+08:00,2024-12-04T23:15:00+00:00,2024-12-05T10:00:00+08:00,2024-12-05T02:00:00+00:00,165,93.33333333333331,2024-12-05T09:50:00+08:00|2024-12-05T09:55:00+08:00|2024-12-05T10:00:00+08:00,0.4680198805284971,True,423.656467929538,0.22030428046918524,hunan_202412042130,15105,1,10
320338,suspected_positive_flatline_ge60min,train_20241205T0715+0800,train,zhujia,29.566666667,112.45,2024-12-05T07:15:00+08:00,2024-12-04T23:15:00+00:00,2024-12-05T10:15:00+08:00,2024-12-05T02:15:00+00:00,180,140.0,2024-12-05T10:05:00+08:00|2024-12-05T10:10:00+08:00|2024-12-05T10:15:00+08:00,0.4970167419031328,True,459.51716853910244,0.304667615456215,hunan_202412042130,15105,1,11
320339,suspected_positive_flatline_ge60min,train_20241205T0715+0800,train,zhujia,29.566666667,112.45,2024-12-05T07:15:00+08:00,2024-12-04T23:15:00+00:00,2024-12-05T10:30:00+08:00,2024-12-05T02:30:00+00:00,195,140.0,2024-12-05T10:20:00+08:00|2024-12-05T10:25:00+08:00|2024-12-05T10:30:00+08:00,0.5230814713855567,True,492.0886221477454,0.2845015993033186,hunan_202412042130,15105,1,12
320340,suspected_positive_flatline_ge60min,train_20241205T0715+0800,train,zhujia,29.566666667,112.45,2024-12-05T07:15:00+08:00,2024-12-04T23:15:00+00:00,2024-12-05T10:45:00+08:00,2024-12-05T02:45:00+00:00,210,140.0,2024-12-05T10:35:00+08:00|2024-12-05T10:40:00+08:00|2024-12-05T10:45:00+08:00,0.5461025305160381,True,521.1839342214888,0.26861917800502244,hunan_202412042130,15105,1,13
320341,suspected_positive_flatline_ge60min,train_20241205T0715+0800,train,zhujia,29.566666667,112.45,2024-12-05T07:15:00+08:00,2024-12-04T23:15:00+00:00,2024-12-05T11:00:00+08:00,2024-12-05T03:00:00+00:00,225,140.0,2024-12-05T10:50:00+08:00|2024-12-05T10:55:00+08:00|2024-12-05T11:00:00+08:00,0.565981408966019,True,546.6439388558001,0.2561082087419445,hunan_202412042130,15105,1,14
320342,suspected_positive_flatline_ge60min,train_20241205T0715+0800,train,zhujia,29.566666667,112.45,2024-12-05T07:15:00+08:00,2024-12-04T23:15:00+00:00,2024-12-05T11:15:00+08:00,2024-12-05T03:15:00+00:00,240,140.0,2024-12-05T11:05:00+08:00|2024-12-05T11:10:00+08:00|2024-12-05T11:15:00+08:00,0.5826330458832263,True,568.3341379361003,0.24633396210969938,hunan_202412042130,15105,1,15
320368,suspected_positive_flatline_ge60min,train_20241205T0730+0800,train,zhujia,29.566666667,112.45,2024-12-05T07:30:00+08:00,2024-12-04T23:30:00+00:00,2024-12-05T10:00:00+08:00,2024-12-05T02:00:00+00:00,150,93.33333333333331,2024-12-05T09:50:00+08:00|2024-12-05T09:55:00+08:00|2024-12-05T10:00:00+08:00,0.4680198805284971,True,423.656467929538,0.22030428046918524,hunan_202412042145,15106,1,9
320369,suspected_positive_flatline_ge60min,train_20241205T0730+0800,train,zhujia,29.566666667,112.45,2024-12-05T07:30:00+08:00,2024-12-04T23:30:00+00:00,2024-12-05T10:15:00+08:00,2024-12-05T02:15:00+00:00,165,140.0,2024-12-05T10:05:00+08:00|2024-12-05T10:10:00+08:00|2024-12-05T10:15:00+08:00,0.4970167419031328,True,459.51716853910244,0.304667615456215,hunan_202412042145,15106,1,10
320370,suspected_positive_flatline_ge60min,train_20241205T0730+0800,train,zhujia,29.566666667,112.45,2024-12-05T07:30:00+08:00,2024-12-04T23:30:00+00:00,2024-12-05T10:30:00+08:00,2024-12-05T02:30:00+00:00,180,140.0,2024-12-05T10:20:00+08:00|2024-12-05T10:25:00+08:00|2024-12-05T10:30:00+08:00,0.5230814713855567,True,492.0886221477454,0.2845015993033186,hunan_202412042145,15106,1,11
320371,suspected_positive_flatline_ge60min,train_20241205T0730+0800,train,zhujia,29.566666667,112.45,2024-12-05T07:30:00+08:00,2024-12-04T23:30:00+00:00,2024-12-05T10:45:00+08:00,2024-12-05T02:45:00+00:00,195,140.0,2024-12-05T10:35:00+08:00|2024-12-05T10:40:00+08:00|2024-12-05T10:45:00+08:00,0.5461025305160381,True,521.1839342214888,0.26861917800502244,hunan_202412042145,15106,1,12
320372,suspected_positive_flatline_ge60min,train_20241205T0730+0800,train,zhujia,29.566666667,112.45,2024-12-05T07:30:00+08:00,2024-12-04T23:30:00+00:00,2024-12-05T11:00:00+08:00,2024-12-05T03:00:00+00:00,210,140.0,2024-12-05T10:50:00+08:00|2024-12-05T10:55:00+08:00|2024-12-05T11:00:00+08:00,0.565981408966019,True,546.6439388558001,0.2561082087419445,hunan_202412042145,15106,1,13
320373,suspected_positive_flatline_ge60min,train_20241205T0730+0800,train,zhujia,29.566666667,112.45,2024-12-05T07:30:00+08:00,2024-12-04T23:30:00+00:00,2024-12-05T11:15:00+08:00,2024-12-05T03:15:00+00:00,225,140.0,2024-12-05T11:05:00+08:00|2024-12-05T11:10:00+08:00|2024-12-05T11:15:00+08:00,0.5826330458832263,True,568.3341379361003,0.24633396210969938,hunan_202412042145,15106,1,14
320374,suspected_positive_flatline_ge60min,train_20241205T0730+0800,train,zhujia,29.566666667,112.45,2024-12-05T07:30:00+08:00,2024-12-04T23:30:00+00:00,2024-12-05T11:30:00+08:00,2024-12-05T03:30:00+00:00,240,140.0,2024-12-05T11:20:00+08:00|2024-12-05T11:25:00+08:00|2024-12-05T11:30:00+08:00,0.5959861936693038,True,586.1428483680605,0.2388496258033142,hunan_202412042145,15106,1,15
320399,suspected_positive_flatline_ge60min,train_20241205T0745+0800,train,zhujia,29.566666667,112.45,2024-12-05T07:45:00+08:00,2024-12-04T23:45:00+00:00,2024-12-05T10:00:00+08:00,2024-12-05T02:00:00+00:00,135,93.33333333333331,2024-12-05T09:50:00+08:00|2024-12-05T09:55:00+08:00|2024-12-05T10:00:00+08:00,0.4680198805284971,True,423.656467929538,0.22030428046918524,hunan_202412042200,15107,1,8
320400,suspected_positive_flatline_ge60min,train_20241205T0745+0800,train,zhujia,29.566666667,112.45,2024-12-05T07:45:00+08:00,2024-12-04T23:45:00+00:00,2024-12-05T10:15:00+08:00,2024-12-05T02:15:00+00:00,150,140.0,2024-12-05T10:05:00+08:00|2024-12-05T10:10:00+08:00|2024-12-05T10:15:00+08:00,0.4970167419031328,True,459.51716853910244,0.304667615456215,hunan_202412042200,15107,1,9
320401,suspected_positive_flatline_ge60min,train_20241205T0745+0800,train,zhujia,29.566666667,112.45,2024-12-05T07:45:00+08:00,2024-12-04T23:45:00+00:00,2024-12-05T10:30:00+08:00,2024-12-05T02:30:00+00:00,165,140.0,2024-12-05T10:20:00+08:00|2024-12-05T10:25:00+08:00|2024-12-05T10:30:00+08:00,0.5230814713855567,True,492.0886221477454,0.2845015993033186,hunan_202412042200,15107,1,10
320402,suspected_positive_flatline_ge60min,train_20241205T0745+0800,train,zhujia,29.566666667,112.45,2024-12-05T07:45:00+08:00,2024-12-04T23:45:00+00:00,2024-12-05T10:45:00+08:00,2024-12-05T02:45:00+00:00,180,140.0,2024-12-05T10:35:00+08:00|2024-12-05T10:40:00+08:00|2024-12-05T10:45:00+08:00,0.5461025305160381,True,521.1839342214888,0.26861917800502244,hunan_202412042200,15107,1,11
320403,suspected_positive_flatline_ge60min,train_20241205T0745+0800,train,zhujia,29.566666667,112.45,2024-12-05T07:45:00+08:00,2024-12-04T23:45:00+00:00,2024-12-05T11:00:00+08:00,2024-12-05T03:00:00+00:00,195,140.0,2024-12-05T10:50:00+08:00|2024-12-05T10:55:00+08:00|2024-12-05T11:00:00+08:00,0.565981408966019,True,546.6439388558001,0.2561082087419445,hunan_202412042200,15107,1,12
320404,suspected_positive_flatline_ge60min,train_20241205T0745+0800,train,zhujia,29.566666667,112.45,2024-12-05T07:45:00+08:00,2024-12-04T23:45:00+00:00,2024-12-05T11:15:00+08:00,2024-12-05T03:15:00+00:00,210,140.0,2024-12-05T11:05:00+08:00|2024-12-05T11:10:00+08:00|2024-12-05T11:15:00+08:00,0.5826330458832263,True,568.3341379361003,0.24633396210969938,hunan_202412042200,15107,1,13
320405,suspected_positive_flatline_ge60min,train_20241205T0745+0800,train,zhujia,29.566666667,112.45,2024-12-05T07:45:00+08:00,2024-12-04T23:45:00+00:00,2024-12-05T11:30:00+08:00,2024-12-05T03:30:00+00:00,225,140.0,2024-12-05T11:20:00+08:00|2024-12-05T11:25:00+08:00|2024-12-05T11:30:00+08:00,0.5959861936693038,True,586.1428483680605,0.2388496258033142,hunan_202412042200,15107,1,14
320406,suspected_positive_flatline_ge60min,train_20241205T0745+0800,train,zhujia,29.566666667,112.45,2024-12-05T07:45:00+08:00,2024-12-04T23:45:00+00:00,2024-12-05T11:45:00+08:00,2024-12-05T03:45:00+00:00,240,140.0,2024-12-05T11:35:00+08:00|2024-12-05T11:40:00+08:00|2024-12-05T11:45:00+08:00,0.6059837226342273,True,599.9800753063261,0.23334108208263674,hunan_202412042200,15107,1,15
320430,suspected_positive_flatline_ge60min,train_20241205T0800+0800,train,zhujia,29.566666667,112.45,2024-12-05T08:00:00+08:00,2024-12-05T00:00:00+00:00,2024-12-05T10:00:00+08:00,2024-12-05T02:00:00+00:00,120,93.33333333333331,2024-12-05T09:50:00+08:00|2024-12-05T09:55:00+08:00|2024-12-05T10:00:00+08:00,0.4680198805284971,True,423.656467929538,0.22030428046918524,hunan_202412042215,15108,1,7
320431,suspected_positive_flatline_ge60min,train_20241205T0800+0800,train,zhujia,29.566666667,112.45,2024-12-05T08:00:00+08:00,2024-12-05T00:00:00+00:00,2024-12-05T10:15:00+08:00,2024-12-05T02:15:00+00:00,135,140.0,2024-12-05T10:05:00+08:00|2024-12-05T10:10:00+08:00|2024-12-05T10:15:00+08:00,0.4970167419031328,True,459.51716853910244,0.304667615456215,hunan_202412042215,15108,1,8
320432,suspected_positive_flatline_ge60min,train_20241205T0800+0800,train,zhujia,29.566666667,112.45,2024-12-05T08:00:00+08:00,2024-12-05T00:00:00+00:00,2024-12-05T10:30:00+08:00,2024-12-05T02:30:00+00:00,150,140.0,2024-12-05T10:20:00+08:00|2024-12-05T10:25:00+08:00|2024-12-05T10:30:00+08:00,0.5230814713855567,True,492.0886221477454,0.2845015993033186,hunan_202412042215,15108,1,9
320433,suspected_positive_flatline_ge60min,train_20241205T0800+0800,train,zhujia,29.566666667,112.45,2024-12-05T08:00:00+08:00,2024-12-05T00:00:00+00:00,2024-12-05T10:45:00+08:00,2024-12-05T02:45:00+00:00,165,140.0,2024-12-05T10:35:00+08:00|2024-12-05T10:40:00+08:00|2024-12-05T10:45:00+08:00,0.5461025305160381,True,521.1839342214888,0.26861917800502244,hunan_202412042215,15108,1,10
320434,suspected_positive_flatline_ge60min,train_20241205T0800+0800,train,zhujia,29.566666667,112.45,2024-12-05T08:00:00+08:00,2024-12-05T00:00:00+00:00,2024-12-05T11:00:00+08:00,2024-12-05T03:00:00+00:00,180,140.0,2024-12-05T10:50:00+08:00|2024-12-05T10:55:00+08:00|2024-12-05T11:00:00+08:00,0.565981408966019,True,546.6439388558001,0.2561082087419445,hunan_202412042215,15108,1,11
320435,suspected_positive_flatline_ge60min,train_20241205T0800+0800,train,zhujia,29.566666667,112.45,2024-12-05T08:00:00+08:00,2024-12-05T00:00:00+00:00,2024-12-05T11:15:00+08:00,2024-12-05T03:15:00+00:00,195,140.0,2024-12-05T11:05:00+08:00|2024-12-05T11:10:00+08:00|2024-12-05T11:15:00+08:00,0.5826330458832263,True,568.3341379361003,0.24633396210969938,hunan_202412042215,15108,1,12
320436,suspected_positive_flatline_ge60min,train_20241205T0800+0800,train,zhujia,29.566666667,112.45,2024-12-05T08:00:00+08:00,2024-12-05T00:00:00+00:00,2024-12-05T11:30:00+08:00,2024-12-05T03:30:00+00:00,210,140.0,2024-12-05T11:20:00+08:00|2024-12-05T11:25:00+08:00|2024-12-05T11:30:00+08:00,0.5959861936693038,True,586.1428483680605,0.2388496258033142,hunan_202412042215,15108,1,13
320437,suspected_positive_flatline_ge60min,train_20241205T0800+0800,train,zhujia,29.566666667,112.45,2024-12-05T08:00:00+08:00,2024-12-05T00:00:00+00:00,2024-12-05T11:45:00+08:00,2024-12-05T03:45:00+00:00,225,140.0,2024-12-05T11:35:00+08:00|2024-12-05T11:40:00+08:00|2024-12-05T11:45:00+08:00,0.6059837226342273,True,599.9800753063261,0.23334108208263674,hunan_202412042215,15108,1,14
320461,suspected_positive_flatline_ge60min,train_20241205T0815+0800,train,zhujia,29.566666667,112.45,2024-12-05T08:15:00+08:00,2024-12-05T00:15:00+00:00,2024-12-05T10:00:00+08:00,2024-12-05T02:00:00+00:00,105,93.33333333333331,2024-12-05T09:50:00+08:00|2024-12-05T09:55:00+08:00|2024-12-05T10:00:00+08:00,0.4680198805284971,True,423.656467929538,0.22030428046918524,hunan_202412042230,15109,1,6
320462,suspected_positive_flatline_ge60min,train_20241205T0815+0800,train,zhujia,29.566666667,112.45,2024-12-05T08:15:00+08:00,2024-12-05T00:15:00+00:00,2024-12-05T10:15:00+08:00,2024-12-05T02:15:00+00:00,120,140.0,2024-12-05T10:05:00+08:00|2024-12-05T10:10:00+08:00|2024-12-05T10:15:00+08:00,0.4970167419031328,True,459.51716853910244,0.304667615456215,hunan_202412042230,15109,1,7
320463,suspected_positive_flatline_ge60min,train_20241205T0815+0800,train,zhujia,29.566666667,112.45,2024-12-05T08:15:00+08:00,2024-12-05T00:15:00+00:00,2024-12-05T10:30:00+08:00,2024-12-05T02:30:00+00:00,135,140.0,2024-12-05T10:20:00+08:00|2024-12-05T10:25:00+08:00|2024-12-05T10:30:00+08:00,0.5230814713855567,True,492.0886221477454,0.2845015993033186,hunan_202412042230,15109,1,8
320464,suspected_positive_flatline_ge60min,train_20241205T0815+0800,train,zhujia,29.566666667,112.45,2024-12-05T08:15:00+08:00,2024-12-05T00:15:00+00:00,2024-12-05T10:45:00+08:00,2024-12-05T02:45:00+00:00,150,140.0,2024-12-05T10:35:00+08:00|2024-12-05T10:40:00+08:00|2024-12-05T10:45:00+08:00,0.5461025305160381,True,521.1839342214888,0.26861917800502244,hunan_202412042230,15109,1,9
320465,suspected_positive_flatline_ge60min,train_20241205T0815+0800,train,zhujia,29.566666667,112.45,2024-12-05T08:15:00+08:00,2024-12-05T00:15:00+00:00,2024-12-05T11:00:00+08:00,2024-12-05T03:00:00+00:00,165,140.0,2024-12-05T10:50:00+08:00|2024-12-05T10:55:00+08:00|2024-12-05T11:00:00+08:00,0.565981408966019,True,546.6439388558001,0.2561082087419445,hunan_202412042230,15109,1,10
320466,suspected_positive_flatline_ge60min,train_20241205T0815+0800,train,zhujia,29.566666667,112.45,2024-12-05T08:15:00+08:00,2024-12-05T00:15:00+00:00,2024-12-05T11:15:00+08:00,2024-12-05T03:15:00+00:00,180,140.0,2024-12-05T11:05:00+08:00|2024-12-05T11:10:00+08:00|2024-12-05T11:15:00+08:00,0.5826330458832263,True,568.3341379361003,0.24633396210969938,hunan_202412042230,15109,1,11
320467,suspected_positive_flatline_ge60min,train_20241205T0815+0800,train,zhujia,29.566666667,112.45,2024-12-05T08:15:00+08:00,2024-12-05T00:15:00+00:00,2024-12-05T11:30:00+08:00,2024-12-05T03:30:00+00:00,195,140.0,2024-12-05T11:20:00+08:00|2024-12-05T11:25:00+08:00|2024-12-05T11:30:00+08:00,0.5959861936693038,True,586.1428483680605,0.2388496258033142,hunan_202412042230,15109,1,12
320468,suspected_positive_flatline_ge60min,train_20241205T0815+0800,train,zhujia,29.566666667,112.45,2024-12-05T08:15:00+08:00,2024-12-05T00:15:00+00:00,2024-12-05T11:45:00+08:00,2024-12-05T03:45:00+00:00,210,140.0,2024-12-05T11:35:00+08:00|2024-12-05T11:40:00+08:00|2024-12-05T11:45:00+08:00,0.6059837226342273,True,599.9800753063261,0.23334108208263674,hunan_202412042230,15109,1,13
320492,suspected_positive_flatline_ge60min,train_20241205T0830+0800,train,zhujia,29.566666667,112.45,2024-12-05T08:30:00+08:00,2024-12-05T00:30:00+00:00,2024-12-05T10:00:00+08:00,2024-12-05T02:00:00+00:00,90,93.33333333333331,2024-12-05T09:50:00+08:00|2024-12-05T09:55:00+08:00|2024-12-05T10:00:00+08:00,0.4680198805284971,True,423.656467929538,0.22030428046918524,hunan_202412042245,15110,1,5
320493,suspected_positive_flatline_ge60min,train_20241205T0830+0800,train,zhujia,29.566666667,112.45,2024-12-05T08:30:00+08:00,2024-12-05T00:30:00+00:00,2024-12-05T10:15:00+08:00,2024-12-05T02:15:00+00:00,105,140.0,2024-12-05T10:05:00+08:00|2024-12-05T10:10:00+08:00|2024-12-05T10:15:00+08:00,0.4970167419031328,True,459.51716853910244,0.304667615456215,hunan_202412042245,15110,1,6
320494,suspected_positive_flatline_ge60min,train_20241205T0830+0800,train,zhujia,29.566666667,112.45,2024-12-05T08:30:00+08:00,2024-12-05T00:30:00+00:00,2024-12-05T10:30:00+08:00,2024-12-05T02:30:00+00:00,120,140.0,2024-12-05T10:20:00+08:00|2024-12-05T10:25:00+08:00|2024-12-05T10:30:00+08:00,0.5230814713855567,True,492.0886221477454,0.2845015993033186,hunan_202412042245,15110,1,7
320495,suspected_positive_flatline_ge60min,train_20241205T0830+0800,train,zhujia,29.566666667,112.45,2024-12-05T08:30:00+08:00,2024-12-05T00:30:00+00:00,2024-12-05T10:45:00+08:00,2024-12-05T02:45:00+00:00,135,140.0,2024-12-05T10:35:00+08:00|2024-12-05T10:40:00+08:00|2024-12-05T10:45:00+08:00,0.5461025305160381,True,521.1839342214888,0.26861917800502244,hunan_202412042245,15110,1,8
320496,suspected_positive_flatline_ge60min,train_20241205T0830+0800,train,zhujia,29.566666667,112.45,2024-12-05T08:30:00+08:00,2024-12-05T00:30:00+00:00,2024-12-05T11:00:00+08:00,2024-12-05T03:00:00+00:00,150,140.0,2024-12-05T10:50:00+08:00|2024-12-05T10:55:00+08:00|2024-12-05T11:00:00+08:00,0.565981408966019,True,546.6439388558001,0.2561082087419445,hunan_202412042245,15110,1,9
320497,suspected_positive_flatline_ge60min,train_20241205T0830+0800,train,zhujia,29.566666667,112.45,2024-12-05T08:30:00+08:00,2024-12-05T00:30:00+00:00,2024-12-05T11:15:00+08:00,2024-12-05T03:15:00+00:00,165,140.0,2024-12-05T11:05:00+08:00|2024-12-05T11:10:00+08:00|2024-12-05T11:15:00+08:00,0.5826330458832263,True,568.3341379361003,0.24633396210969938,hunan_202412042245,15110,1,10
320498,suspected_positive_flatline_ge60min,train_20241205T0830+0800,train,zhujia,29.566666667,112.45,2024-12-05T08:30:00+08:00,2024-12-05T00:30:00+00:00,2024-12-05T11:30:00+08:00,2024-12-05T03:30:00+00:00,180,140.0,2024-12-05T11:20:00+08:00|2024-12-05T11:25:00+08:00|2024-12-05T11:30:00+08:00,0.5959861936693038,True,586.1428483680605,0.2388496258033142,hunan_202412042245,15110,1,11
320499,suspected_positive_flatline_ge60min,train_20241205T0830+0800,train,zhujia,29.566666667,112.45,2024-12-05T08:30:00+08:00,2024-12-05T00:30:00+00:00,2024-12-05T11:45:00+08:00,2024-12-05T03:45:00+00:00,195,140.0,2024-12-05T11:35:00+08:00|2024-12-05T11:40:00+08:00|2024-12-05T11:45:00+08:00,0.6059837226342273,True,599.9800753063261,0.23334108208263674,hunan_202412042245,15110,1,12
320523,suspected_positive_flatline_ge60min,train_20241205T0845+0800,train,zhujia,29.566666667,112.45,2024-12-05T08:45:00+08:00,2024-12-05T00:45:00+00:00,2024-12-05T10:00:00+08:00,2024-12-05T02:00:00+00:00,75,93.33333333333331,2024-12-05T09:50:00+08:00|2024-12-05T09:55:00+08:00|2024-12-05T10:00:00+08:00,0.4680198805284971,True,423.656467929538,0.22030428046918524,hunan_202412042300,15111,1,4
320524,suspected_positive_flatline_ge60min,train_20241205T0845+0800,train,zhujia,29.566666667,112.45,2024-12-05T08:45:00+08:00,2024-12-05T00:45:00+00:00,2024-12-05T10:15:00+08:00,2024-12-05T02:15:00+00:00,90,140.0,2024-12-05T10:05:00+08:00|2024-12-05T10:10:00+08:00|2024-12-05T10:15:00+08:00,0.4970167419031328,True,459.51716853910244,0.304667615456215,hunan_202412042300,15111,1,5
320525,suspected_positive_flatline_ge60min,train_20241205T0845+0800,train,zhujia,29.566666667,112.45,2024-12-05T08:45:00+08:00,2024-12-05T00:45:00+00:00,2024-12-05T10:30:00+08:00,2024-12-05T02:30:00+00:00,105,140.0,2024-12-05T10:20:00+08:00|2024-12-05T10:25:00+08:00|2024-12-05T10:30:00+08:00,0.5230814713855567,True,492.0886221477454,0.2845015993033186,hunan_202412042300,15111,1,6
320526,suspected_positive_flatline_ge60min,train_20241205T0845+0800,train,zhujia,29.566666667,112.45,2024-12-05T08:45:00+08:00,2024-12-05T00:45:00+00:00,2024-12-05T10:45:00+08:00,2024-12-05T02:45:00+00:00,120,140.0,2024-12-05T10:35:00+08:00|2024-12-05T10:40:00+08:00|2024-12-05T10:45:00+08:00,0.5461025305160381,True,521.1839342214888,0.26861917800502244,hunan_202412042300,15111,1,7
320527,suspected_positive_flatline_ge60min,train_20241205T0845+0800,train,zhujia,29.566666667,112.45,2024-12-05T08:45:00+08:00,2024-12-05T00:45:00+00:00,2024-12-05T11:00:00+08:00,2024-12-05T03:00:00+00:00,135,140.0,2024-12-05T10:50:00+08:00|2024-12-05T10:55:00+08:00|2024-12-05T11:00:00+08:00,0.565981408966019,True,546.6439388558001,0.2561082087419445,hunan_202412042300,15111,1,8
320528,suspected_positive_flatline_ge60min,train_20241205T0845+0800,train,zhujia,29.566666667,112.45,2024-12-05T08:45:00+08:00,2024-12-05T00:45:00+00:00,2024-12-05T11:15:00+08:00,2024-12-05T03:15:00+00:00,150,140.0,2024-12-05T11:05:00+08:00|2024-12-05T11:10:00+08:00|2024-12-05T11:15:00+08:00,0.5826330458832263,True,568.3341379361003,0.24633396210969938,hunan_202412042300,15111,1,9
320529,suspected_positive_flatline_ge60min,train_20241205T0845+0800,train,zhujia,29.566666667,112.45,2024-12-05T08:45:00+08:00,2024-12-05T00:45:00+00:00,2024-12-05T11:30:00+08:00,2024-12-05T03:30:00+00:00,165,140.0,2024-12-05T11:20:00+08:00|2024-12-05T11:25:00+08:00|2024-12-05T11:30:00+08:00,0.5959861936693038,True,586.1428483680605,0.2388496258033142,hunan_202412042300,15111,1,10
320530,suspected_positive_flatline_ge60min,train_20241205T0845+0800,train,zhujia,29.566666667,112.45,2024-12-05T08:45:00+08:00,2024-12-05T00:45:00+00:00,2024-12-05T11:45:00+08:00,2024-12-05T03:45:00+00:00,180,140.0,2024-12-05T11:35:00+08:00|2024-12-05T11:40:00+08:00|2024-12-05T11:45:00+08:00,0.6059837226342273,True,599.9800753063261,0.23334108208263674,hunan_202412042300,15111,1,11
320554,suspected_positive_flatline_ge60min,train_20241205T0900+0800,train,zhujia,29.566666667,112.45,2024-12-05T09:00:00+08:00,2024-12-05T01:00:00+00:00,2024-12-05T10:00:00+08:00,2024-12-05T02:00:00+00:00,60,93.33333333333331,2024-12-05T09:50:00+08:00|2024-12-05T09:55:00+08:00|2024-12-05T10:00:00+08:00,0.4680198805284971,True,423.656467929538,0.22030428046918524,hunan_202412042315,15112,1,3
320555,suspected_positive_flatline_ge60min,train_20241205T0900+0800,train,zhujia,29.566666667,112.45,2024-12-05T09:00:00+08:00,2024-12-05T01:00:00+00:00,2024-12-05T10:15:00+08:00,2024-12-05T02:15:00+00:00,75,140.0,2024-12-05T10:05:00+08:00|2024-12-05T10:10:00+08:00|2024-12-05T10:15:00+08:00,0.4970167419031328,True,459.51716853910244,0.304667615456215,hunan_202412042315,15112,1,4
320556,suspected_positive_flatline_ge60min,train_20241205T0900+0800,train,zhujia,29.566666667,112.45,2024-12-05T09:00:00+08:00,2024-12-05T01:00:00+00:00,2024-12-05T10:30:00+08:00,2024-12-05T02:30:00+00:00,90,140.0,2024-12-05T10:20:00+08:00|2024-12-05T10:25:00+08:00|2024-12-05T10:30:00+08:00,0.5230814713855567,True,492.0886221477454,0.2845015993033186,hunan_202412042315,15112,1,5
320557,suspected_positive_flatline_ge60min,train_20241205T0900+0800,train,zhujia,29.566666667,112.45,2024-12-05T09:00:00+08:00,2024-12-05T01:00:00+00:00,2024-12-05T10:45:00+08:00,2024-12-05T02:45:00+00:00,105,140.0,2024-12-05T10:35:00+08:00|2024-12-05T10:40:00+08:00|2024-12-05T10:45:00+08:00,0.5461025305160381,True,521.1839342214888,0.26861917800502244,hunan_202412042315,15112,1,6
320558,suspected_positive_flatline_ge60min,train_20241205T0900+0800,train,zhujia,29.566666667,112.45,2024-12-05T09:00:00+08:00,2024-12-05T01:00:00+00:00,2024-12-05T11:00:00+08:00,2024-12-05T03:00:00+00:00,120,140.0,2024-12-05T10:50:00+08:00|2024-12-05T10:55:00+08:00|2024-12-05T11:00:00+08:00,0.565981408966019,True,546.6439388558001,0.2561082087419445,hunan_202412042315,15112,1,7
320559,suspected_positive_flatline_ge60min,train_20241205T0900+0800,train,zhujia,29.566666667,112.45,2024-12-05T09:00:00+08:00,2024-12-05T01:00:00+00:00,2024-12-05T11:15:00+08:00,2024-12-05T03:15:00+00:00,135,140.0,2024-12-05T11:05:00+08:00|2024-12-05T11:10:00+08:00|2024-12-05T11:15:00+08:00,0.5826330458832263,True,568.3341379361003,0.24633396210969938,hunan_202412042315,15112,1,8
320560,suspected_positive_flatline_ge60min,train_20241205T0900+0800,train,zhujia,29.566666667,112.45,2024-12-05T09:00:00+08:00,2024-12-05T01:00:00+00:00,2024-12-05T11:30:00+08:00,2024-12-05T03:30:00+00:00,150,140.0,2024-12-05T11:20:00+08:00|2024-12-05T11:25:00+08:00|2024-12-05T11:30:00+08:00,0.5959861936693038,True,586.1428483680605,0.2388496258033142,hunan_202412042315,15112,1,9
320561,suspected_positive_flatline_ge60min,train_20241205T0900+0800,train,zhujia,29.566666667,112.45,2024-12-05T09:00:00+08:00,2024-12-05T01:00:00+00:00,2024-12-05T11:45:00+08:00,2024-12-05T03:45:00+00:00,165,140.0,2024-12-05T11:35:00+08:00|2024-12-05T11:40:00+08:00|2024-12-05T11:45:00+08:00,0.6059837226342273,True,599.9800753063261,0.23334108208263674,hunan_202412042315,15112,1,10
320585,suspected_positive_flatline_ge60min,train_20241205T0915+0800,train,zhujia,29.566666667,112.45,2024-12-05T09:15:00+08:00,2024-12-05T01:15:00+00:00,2024-12-05T10:00:00+08:00,2024-12-05T02:00:00+00:00,45,93.33333333333331,2024-12-05T09:50:00+08:00|2024-12-05T09:55:00+08:00|2024-12-05T10:00:00+08:00,0.4680198805284971,True,423.656467929538,0.22030428046918524,hunan_202412042330,15113,1,2
320586,suspected_positive_flatline_ge60min,train_20241205T0915+0800,train,zhujia,29.566666667,112.45,2024-12-05T09:15:00+08:00,2024-12-05T01:15:00+00:00,2024-12-05T10:15:00+08:00,2024-12-05T02:15:00+00:00,60,140.0,2024-12-05T10:05:00+08:00|2024-12-05T10:10:00+08:00|2024-12-05T10:15:00+08:00,0.4970167419031328,True,459.51716853910244,0.304667615456215,hunan_202412042330,15113,1,3
320587,suspected_positive_flatline_ge60min,train_20241205T0915+0800,train,zhujia,29.566666667,112.45,2024-12-05T09:15:00+08:00,2024-12-05T01:15:00+00:00,2024-12-05T10:30:00+08:00,2024-12-05T02:30:00+00:00,75,140.0,2024-12-05T10:20:00+08:00|2024-12-05T10:25:00+08:00|2024-12-05T10:30:00+08:00,0.5230814713855567,True,492.0886221477454,0.2845015993033186,hunan_202412042330,15113,1,4
320588,suspected_positive_flatline_ge60min,train_20241205T0915+0800,train,zhujia,29.566666667,112.45,2024-12-05T09:15:00+08:00,2024-12-05T01:15:00+00:00,2024-12-05T10:45:00+08:00,2024-12-05T02:45:00+00:00,90,140.0,2024-12-05T10:35:00+08:00|2024-12-05T10:40:00+08:00|2024-12-05T10:45:00+08:00,0.5461025305160381,True,521.1839342214888,0.26861917800502244,hunan_202412042330,15113,1,5
320589,suspected_positive_flatline_ge60min,train_20241205T0915+0800,train,zhujia,29.566666667,112.45,2024-12-05T09:15:00+08:00,2024-12-05T01:15:00+00:00,2024-12-05T11:00:00+08:00,2024-12-05T03:00:00+00:00,105,140.0,2024-12-05T10:50:00+08:00|2024-12-05T10:55:00+08:00|2024-12-05T11:00:00+08:00,0.565981408966019,True,546.6439388558001,0.2561082087419445,hunan_202412042330,15113,1,6
320590,suspected_positive_flatline_ge60min,train_20241205T0915+0800,train,zhujia,29.566666667,112.45,2024-12-05T09:15:00+08:00,2024-12-05T01:15:00+00:00,2024-12-05T11:15:00+08:00,2024-12-05T03:15:00+00:00,120,140.0,2024-12-05T11:05:00+08:00|2024-12-05T11:10:00+08:00|2024-12-05T11:15:00+08:00,0.5826330458832263,True,568.3341379361003,0.24633396210969938,hunan_202412042330,15113,1,7
320591,suspected_positive_flatline_ge60min,train_20241205T0915+0800,train,zhujia,29.566666667,112.45,2024-12-05T09:15:00+08:00,2024-12-05T01:15:00+00:00,2024-12-05T11:30:00+08:00,2024-12-05T03:30:00+00:00,135,140.0,2024-12-05T11:20:00+08:00|2024-12-05T11:25:00+08:00|2024-12-05T11:30:00+08:00,0.5959861936693038,True,586.1428483680605,0.2388496258033142,hunan_202412042330,15113,1,8
320592,suspected_positive_flatline_ge60min,train_20241205T0915+0800,train,zhujia,29.566666667,112.45,2024-12-05T09:15:00+08:00,2024-12-05T01:15:00+00:00,2024-12-05T11:45:00+08:00,2024-12-05T03:45:00+00:00,150,140.0,2024-12-05T11:35:00+08:00|2024-12-05T11:40:00+08:00|2024-12-05T11:45:00+08:00,0.6059837226342273,True,599.9800753063261,0.23334108208263674,hunan_202412042330,15113,1,9
320616,suspected_positive_flatline_ge60min,train_20241205T0930+0800,train,zhujia,29.566666667,112.45,2024-12-05T09:30:00+08:00,2024-12-05T01:30:00+00:00,2024-12-05T10:00:00+08:00,2024-12-05T02:00:00+00:00,30,93.33333333333331,2024-12-05T09:50:00+08:00|2024-12-05T09:55:00+08:00|2024-12-05T10:00:00+08:00,0.4680198805284971,True,423.656467929538,0.22030428046918524,hunan_202412042345,15114,1,1
320617,suspected_positive_flatline_ge60min,train_20241205T0930+0800,train,zhujia,29.566666667,112.45,2024-12-05T09:30:00+08:00,2024-12-05T01:30:00+00:00,2024-12-05T10:15:00+08:00,2024-12-05T02:15:00+00:00,45,140.0,2024-12-05T10:05:00+08:00|2024-12-05T10:10:00+08:00|2024-12-05T10:15:00+08:00,0.4970167419031328,True,459.51716853910244,0.304667615456215,hunan_202412042345,15114,1,2
320618,suspected_positive_flatline_ge60min,train_20241205T0930+0800,train,zhujia,29.566666667,112.45,2024-12-05T09:30:00+08:00,2024-12-05T01:30:00+00:00,2024-12-05T10:30:00+08:00,2024-12-05T02:30:00+00:00,60,140.0,2024-12-05T10:20:00+08:00|2024-12-05T10:25:00+08:00|2024-12-05T10:30:00+08:00,0.5230814713855567,True,492.0886221477454,0.2845015993033186,hunan_202412042345,15114,1,3
320619,suspected_positive_flatline_ge60min,train_20241205T0930+0800,train,zhujia,29.566666667,112.45,2024-12-05T09:30:00+08:00,2024-12-05T01:30:00+00:00,2024-12-05T10:45:00+08:00,2024-12-05T02:45:00+00:00,75,140.0,2024-12-05T10:35:00+08:00|2024-12-05T10:40:00+08:00|2024-12-05T10:45:00+08:00,0.5461025305160381,True,521.1839342214888,0.26861917800502244,hunan_202412042345,15114,1,4
320620,suspected_positive_flatline_ge60min,train_20241205T0930+0800,train,zhujia,29.566666667,112.45,2024-12-05T09:30:00+08:00,2024-12-05T01:30:00+00:00,2024-12-05T11:00:00+08:00,2024-12-05T03:00:00+00:00,90,140.0,2024-12-05T10:50:00+08:00|2024-12-05T10:55:00+08:00|2024-12-05T11:00:00+08:00,0.565981408966019,True,546.6439388558001,0.2561082087419445,hunan_202412042345,15114,1,5
320621,suspected_positive_flatline_ge60min,train_20241205T0930+0800,train,zhujia,29.566666667,112.45,2024-12-05T09:30:00+08:00,2024-12-05T01:30:00+00:00,2024-12-05T11:15:00+08:00,2024-12-05T03:15:00+00:00,105,140.0,2024-12-05T11:05:00+08:00|2024-12-05T11:10:00+08:00|2024-12-05T11:15:00+08:00,0.5826330458832263,True,568.3341379361003,0.24633396210969938,hunan_202412042345,15114,1,6
320622,suspected_positive_flatline_ge60min,train_20241205T0930+0800,train,zhujia,29.566666667,112.45,2024-12-05T09:30:00+08:00,2024-12-05T01:30:00+00:00,2024-12-05T11:30:00+08:00,2024-12-05T03:30:00+00:00,120,140.0,2024-12-05T11:20:00+08:00|2024-12-05T11:25:00+08:00|2024-12-05T11:30:00+08:00,0.5959861936693038,True,586.1428483680605,0.2388496258033142,hunan_202412042345,15114,1,7
320623,suspected_positive_flatline_ge60min,train_20241205T0930+0800,train,zhujia,29.566666667,112.45,2024-12-05T09:30:00+08:00,2024-12-05T01:30:00+00:00,2024-12-05T11:45:00+08:00,2024-12-05T03:45:00+00:00,135,140.0,2024-12-05T11:35:00+08:00|2024-12-05T11:40:00+08:00|2024-12-05T11:45:00+08:00,0.6059837226342273,True,599.9800753063261,0.23334108208263674,hunan_202412042345,15114,1,8
320647,suspected_positive_flatline_ge60min,train_20241205T0945+0800,train,zhujia,29.566666667,112.45,2024-12-05T09:45:00+08:00,2024-12-05T01:45:00+00:00,2024-12-05T10:00:00+08:00,2024-12-05T02:00:00+00:00,15,93.33333333333331,2024-12-05T09:50:00+08:00|2024-12-05T09:55:00+08:00|2024-12-05T10:00:00+08:00,0.4680198805284971,True,423.656467929538,0.22030428046918524,hunan_202412050000,15115,1,0
320648,suspected_positive_flatline_ge60min,train_20241205T0945+0800,train,zhujia,29.566666667,112.45,2024-12-05T09:45:00+08:00,2024-12-05T01:45:00+00:00,2024-12-05T10:15:00+08:00,2024-12-05T02:15:00+00:00,30,140.0,2024-12-05T10:05:00+08:00|2024-12-05T10:10:00+08:00|2024-12-05T10:15:00+08:00,0.4970167419031328,True,459.51716853910244,0.304667615456215,hunan_202412050000,15115,1,1
320649,suspected_positive_flatline_ge60min,train_20241205T0945+0800,train,zhujia,29.566666667,112.45,2024-12-05T09:45:00+08:00,2024-12-05T01:45:00+00:00,2024-12-05T10:30:00+08:00,2024-12-05T02:30:00+00:00,45,140.0,2024-12-05T10:20:00+08:00|2024-12-05T10:25:00+08:00|2024-12-05T10:30:00+08:00,0.5230814713855567,True,492.0886221477454,0.2845015993033186,hunan_202412050000,15115,1,2
320650,suspected_positive_flatline_ge60min,train_20241205T0945+0800,train,zhujia,29.566666667,112.45,2024-12-05T09:45:00+08:00,2024-12-05T01:45:00+00:00,2024-12-05T10:45:00+08:00,2024-12-05T02:45:00+00:00,60,140.0,2024-12-05T10:35:00+08:00|2024-12-05T10:40:00+08:00|2024-12-05T10:45:00+08:00,0.5461025305160381,True,521.1839342214888,0.26861917800502244,hunan_202412050000,15115,1,3
320651,suspected_positive_flatline_ge60min,train_20241205T0945+0800,train,zhujia,29.566666667,112.45,2024-12-05T09:45:00+08:00,2024-12-05T01:45:00+00:00,2024-12-05T11:00:00+08:00,2024-12-05T03:00:00+00:00,75,140.0,2024-12-05T10:50:00+08:00|2024-12-05T10:55:00+08:00|2024-12-05T11:00:00+08:00,0.565981408966019,True,546.6439388558001,0.2561082087419445,hunan_202412050000,15115,1,4
320652,suspected_positive_flatline_ge60min,train_20241205T0945+0800,train,zhujia,29.566666667,112.45,2024-12-05T09:45:00+08:00,2024-12-05T01:45:00+00:00,2024-12-05T11:15:00+08:00,2024-12-05T03:15:00+00:00,90,140.0,2024-12-05T11:05:00+08:00|2024-12-05T11:10:00+08:00|2024-12-05T11:15:00+08:00,0.5826330458832263,True,568.3341379361003,0.24633396210969938,hunan_202412050000,15115,1,5
320653,suspected_positive_flatline_ge60min,train_20241205T0945+0800,train,zhujia,29.566666667,112.45,2024-12-05T09:45:00+08:00,2024-12-05T01:45:00+00:00,2024-12-05T11:30:00+08:00,2024-12-05T03:30:00+00:00,105,140.0,2024-12-05T11:20:00+08:00|2024-12-05T11:25:00+08:00|2024-12-05T11:30:00+08:00,0.5959861936693038,True,586.1428483680605,0.2388496258033142,hunan_202412050000,15115,1,6
320654,suspected_positive_flatline_ge60min,train_20241205T0945+0800,train,zhujia,29.566666667,112.45,2024-12-05T09:45:00+08:00,2024-12-05T01:45:00+00:00,2024-12-05T11:45:00+08:00,2024-12-05T03:45:00+00:00,120,140.0,2024-12-05T11:35:00+08:00|2024-12-05T11:40:00+08:00|2024-12-05T11:45:00+08:00,0.6059837226342273,True,599.9800753063261,0.23334108208263674,hunan_202412050000,15115,1,7
320679,suspected_positive_flatline_ge60min,train_20241205T1000+0800,train,zhujia,29.566666667,112.45,2024-12-05T10:00:00+08:00,2024-12-05T02:00:00+00:00,2024-12-05T10:15:00+08:00,2024-12-05T02:15:00+00:00,15,140.0,2024-12-05T10:05:00+08:00|2024-12-05T10:10:00+08:00|2024-12-05T10:15:00+08:00,0.4970167419031328,True,459.51716853910244,0.304667615456215,hunan_202412050015,15116,1,0
320680,suspected_positive_flatline_ge60min,train_20241205T1000+0800,train,zhujia,29.566666667,112.45,2024-12-05T10:00:00+08:00,2024-12-05T02:00:00+00:00,2024-12-05T10:30:00+08:00,2024-12-05T02:30:00+00:00,30,140.0,2024-12-05T10:20:00+08:00|2024-12-05T10:25:00+08:00|2024-12-05T10:30:00+08:00,0.5230814713855567,True,492.0886221477454,0.2845015993033186,hunan_202412050015,15116,1,1
320681,suspected_positive_flatline_ge60min,train_20241205T1000+0800,train,zhujia,29.566666667,112.45,2024-12-05T10:00:00+08:00,2024-12-05T02:00:00+00:00,2024-12-05T10:45:00+08:00,2024-12-05T02:45:00+00:00,45,140.0,2024-12-05T10:35:00+08:00|2024-12-05T10:40:00+08:00|2024-12-05T10:45:00+08:00,0.5461025305160381,True,521.1839342214888,0.26861917800502244,hunan_202412050015,15116,1,2
320682,suspected_positive_flatline_ge60min,train_20241205T1000+0800,train,zhujia,29.566666667,112.45,2024-12-05T10:00:00+08:00,2024-12-05T02:00:00+00:00,2024-12-05T11:00:00+08:00,2024-12-05T03:00:00+00:00,60,140.0,2024-12-05T10:50:00+08:00|2024-12-05T10:55:00+08:00|2024-12-05T11:00:00+08:00,0.565981408966019,True,546.6439388558001,0.2561082087419445,hunan_202412050015,15116,1,3
320683,suspected_positive_flatline_ge60min,train_20241205T1000+0800,train,zhujia,29.566666667,112.45,2024-12-05T10:00:00+08:00,2024-12-05T02:00:00+00:00,2024-12-05T11:15:00+08:00,2024-12-05T03:15:00+00:00,75,140.0,2024-12-05T11:05:00+08:00|2024-12-05T11:10:00+08:00|2024-12-05T11:15:00+08:00,0.5826330458832263,True,568.3341379361003,0.24633396210969938,hunan_202412050015,15116,1,4
320684,suspected_positive_flatline_ge60min,train_20241205T1000+0800,train,zhujia,29.566666667,112.45,2024-12-05T10:00:00+08:00,2024-12-05T02:00:00+00:00,2024-12-05T11:30:00+08:00,2024-12-05T03:30:00+00:00,90,140.0,2024-12-05T11:20:00+08:00|2024-12-05T11:25:00+08:00|2024-12-05T11:30:00+08:00,0.5959861936693038,True,586.1428483680605,0.2388496258033142,hunan_202412050015,15116,1,5
320685,suspected_positive_flatline_ge60min,train_20241205T1000+0800,train,zhujia,29.566666667,112.45,2024-12-05T10:00:00+08:00,2024-12-05T02:00:00+00:00,2024-12-05T11:45:00+08:00,2024-12-05T03:45:00+00:00,105,140.0,2024-12-05T11:35:00+08:00|2024-12-05T11:40:00+08:00|2024-12-05T11:45:00+08:00,0.6059837226342273,True,599.9800753063261,0.23334108208263674,hunan_202412050015,15116,1,6
320711,suspected_positive_flatline_ge60min,train_20241205T1015+0800,train,zhujia,29.566666667,112.45,2024-12-05T10:15:00+08:00,2024-12-05T02:15:00+00:00,2024-12-05T10:30:00+08:00,2024-12-05T02:30:00+00:00,15,140.0,2024-12-05T10:20:00+08:00|2024-12-05T10:25:00+08:00|2024-12-05T10:30:00+08:00,0.5230814713855567,True,492.0886221477454,0.2845015993033186,hunan_202412050030,15117,1,0
320712,suspected_positive_flatline_ge60min,train_20241205T1015+0800,train,zhujia,29.566666667,112.45,2024-12-05T10:15:00+08:00,2024-12-05T02:15:00+00:00,2024-12-05T10:45:00+08:00,2024-12-05T02:45:00+00:00,30,140.0,2024-12-05T10:35:00+08:00|2024-12-05T10:40:00+08:00|2024-12-05T10:45:00+08:00,0.5461025305160381,True,521.1839342214888,0.26861917800502244,hunan_202412050030,15117,1,1
320713,suspected_positive_flatline_ge60min,train_20241205T1015+0800,train,zhujia,29.566666667,112.45,2024-12-05T10:15:00+08:00,2024-12-05T02:15:00+00:00,2024-12-05T11:00:00+08:00,2024-12-05T03:00:00+00:00,45,140.0,2024-12-05T10:50:00+08:00|2024-12-05T10:55:00+08:00|2024-12-05T11:00:00+08:00,0.565981408966019,True,546.6439388558001,0.2561082087419445,hunan_202412050030,15117,1,2
320714,suspected_positive_flatline_ge60min,train_20241205T1015+0800,train,zhujia,29.566666667,112.45,2024-12-05T10:15:00+08:00,2024-12-05T02:15:00+00:00,2024-12-05T11:15:00+08:00,2024-12-05T03:15:00+00:00,60,140.0,2024-12-05T11:05:00+08:00|2024-12-05T11:10:00+08:00|2024-12-05T11:15:00+08:00,0.5826330458832263,True,568.3341379361003,0.24633396210969938,hunan_202412050030,15117,1,3
320715,suspected_positive_flatline_ge60min,train_20241205T1015+0800,train,zhujia,29.566666667,112.45,2024-12-05T10:15:00+08:00,2024-12-05T02:15:00+00:00,2024-12-05T11:30:00+08:00,2024-12-05T03:30:00+00:00,75,140.0,2024-12-05T11:20:00+08:00|2024-12-05T11:25:00+08:00|2024-12-05T11:30:00+08:00,0.5959861936693038,True,586.1428483680605,0.2388496258033142,hunan_202412050030,15117,1,4
320716,suspected_positive_flatline_ge60min,train_20241205T1015+0800,train,zhujia,29.566666667,112.45,2024-12-05T10:15:00+08:00,2024-12-05T02:15:00+00:00,2024-12-05T11:45:00+08:00,2024-12-05T03:45:00+00:00,90,140.0,2024-12-05T11:35:00+08:00|2024-12-05T11:40:00+08:00|2024-12-05T11:45:00+08:00,0.6059837226342273,True,599.9800753063261,0.23334108208263674,hunan_202412050030,15117,1,5
320743,suspected_positive_flatline_ge60min,train_20241205T1030+0800,train,zhujia,29.566666667,112.45,2024-12-05T10:30:00+08:00,2024-12-05T02:30:00+00:00,2024-12-05T10:45:00+08:00,2024-12-05T02:45:00+00:00,15,140.0,2024-12-05T10:35:00+08:00|2024-12-05T10:40:00+08:00|2024-12-05T10:45:00+08:00,0.5461025305160381,True,521.1839342214888,0.26861917800502244,hunan_202412050045,15118,1,0
320744,suspected_positive_flatline_ge60min,train_20241205T1030+0800,train,zhujia,29.566666667,112.45,2024-12-05T10:30:00+08:00,2024-12-05T02:30:00+00:00,2024-12-05T11:00:00+08:00,2024-12-05T03:00:00+00:00,30,140.0,2024-12-05T10:50:00+08:00|2024-12-05T10:55:00+08:00|2024-12-05T11:00:00+08:00,0.565981408966019,True,546.6439388558001,0.2561082087419445,hunan_202412050045,15118,1,1
320745,suspected_positive_flatline_ge60min,train_20241205T1030+0800,train,zhujia,29.566666667,112.45,2024-12-05T10:30:00+08:00,2024-12-05T02:30:00+00:00,2024-12-05T11:15:00+08:00,2024-12-05T03:15:00+00:00,45,140.0,2024-12-05T11:05:00+08:00|2024-12-05T11:10:00+08:00|2024-12-05T11:15:00+08:00,0.5826330458832263,True,568.3341379361003,0.24633396210969938,hunan_202412050045,15118,1,2
320746,suspected_positive_flatline_ge60min,train_20241205T1030+0800,train,zhujia,29.566666667,112.45,2024-12-05T10:30:00+08:00,2024-12-05T02:30:00+00:00,2024-12-05T11:30:00+08:00,2024-12-05T03:30:00+00:00,60,140.0,2024-12-05T11:20:00+08:00|2024-12-05T11:25:00+08:00|2024-12-05T11:30:00+08:00,0.5959861936693038,True,586.1428483680605,0.2388496258033142,hunan_202412050045,15118,1,3
320747,suspected_positive_flatline_ge60min,train_20241205T1030+0800,train,zhujia,29.566666667,112.45,2024-12-05T10:30:00+08:00,2024-12-05T02:30:00+00:00,2024-12-05T11:45:00+08:00,2024-12-05T03:45:00+00:00,75,140.0,2024-12-05T11:35:00+08:00|2024-12-05T11:40:00+08:00|2024-12-05T11:45:00+08:00,0.6059837226342273,True,599.9800753063261,0.23334108208263674,hunan_202412050045,15118,1,4
320758,suspected_positive_flatline_ge60min,train_20241205T1030+0800,train,zhujia,29.566666667,112.45,2024-12-05T10:30:00+08:00,2024-12-05T02:30:00+00:00,2024-12-05T14:30:00+08:00,2024-12-05T06:30:00+00:00,240,125.0,2024-12-05T14:20:00+08:00|2024-12-05T14:25:00+08:00|2024-12-05T14:30:00+08:00,0.4927010915909056,True,484.94614771757915,0.25776057937220065,hunan_202412050045,15118,1,15
320775,suspected_positive_flatline_ge60min,train_20241205T1045+0800,train,zhujia,29.566666667,112.45,2024-12-05T10:45:00+08:00,2024-12-05T02:45:00+00:00,2024-12-05T11:00:00+08:00,2024-12-05T03:00:00+00:00,15,140.0,2024-12-05T10:50:00+08:00|2024-12-05T10:55:00+08:00|2024-12-05T11:00:00+08:00,0.565981408966019,True,546.6439388558001,0.2561082087419445,hunan_202412050100,15119,1,0
320776,suspected_positive_flatline_ge60min,train_20241205T1045+0800,train,zhujia,29.566666667,112.45,2024-12-05T10:45:00+08:00,2024-12-05T02:45:00+00:00,2024-12-05T11:15:00+08:00,2024-12-05T03:15:00+00:00,30,140.0,2024-12-05T11:05:00+08:00|2024-12-05T11:10:00+08:00|2024-12-05T11:15:00+08:00,0.5826330458832263,True,568.3341379361003,0.24633396210969938,hunan_202412050100,15119,1,1
320777,suspected_positive_flatline_ge60min,train_20241205T1045+0800,train,zhujia,29.566666667,112.45,2024-12-05T10:45:00+08:00,2024-12-05T02:45:00+00:00,2024-12-05T11:30:00+08:00,2024-12-05T03:30:00+00:00,45,140.0,2024-12-05T11:20:00+08:00|2024-12-05T11:25:00+08:00|2024-12-05T11:30:00+08:00,0.5959861936693038,True,586.1428483680605,0.2388496258033142,hunan_202412050100,15119,1,2
320778,suspected_positive_flatline_ge60min,train_20241205T1045+0800,train,zhujia,29.566666667,112.45,2024-12-05T10:45:00+08:00,2024-12-05T02:45:00+00:00,2024-12-05T11:45:00+08:00,2024-12-05T03:45:00+00:00,60,140.0,2024-12-05T11:35:00+08:00|2024-12-05T11:40:00+08:00|2024-12-05T11:45:00+08:00,0.6059837226342273,True,599.9800753063261,0.23334108208263674,hunan_202412050100,15119,1,3
320789,suspected_positive_flatline_ge60min,train_20241205T1045+0800,train,zhujia,29.566666667,112.45,2024-12-05T10:45:00+08:00,2024-12-05T02:45:00+00:00,2024-12-05T14:30:00+08:00,2024-12-05T06:30:00+00:00,225,125.0,2024-12-05T14:20:00+08:00|2024-12-05T14:25:00+08:00|2024-12-05T14:30:00+08:00,0.4927010915909056,True,484.94614771757915,0.25776057937220065,hunan_202412050100,15119,1,14
320790,suspected_positive_flatline_ge60min,train_20241205T1045+0800,train,zhujia,29.566666667,112.45,2024-12-05T10:45:00+08:00,2024-12-05T02:45:00+00:00,2024-12-05T14:45:00+08:00,2024-12-05T06:45:00+00:00,240,122.0,2024-12-05T14:35:00+08:00|2024-12-05T14:40:00+08:00|2024-12-05T14:45:00+08:00,0.463260589297825,True,451.6067110582055,0.270146561184021,hunan_202412050100,15119,1,15
320807,suspected_positive_flatline_ge60min,train_20241205T1100+0800,train,zhujia,29.566666667,112.45,2024-12-05T11:00:00+08:00,2024-12-05T03:00:00+00:00,2024-12-05T11:15:00+08:00,2024-12-05T03:15:00+00:00,15,140.0,2024-12-05T11:05:00+08:00|2024-12-05T11:10:00+08:00|2024-12-05T11:15:00+08:00,0.5826330458832263,True,568.3341379361003,0.24633396210969938,hunan_202412050115,15120,1,0
320808,suspected_positive_flatline_ge60min,train_20241205T1100+0800,train,zhujia,29.566666667,112.45,2024-12-05T11:00:00+08:00,2024-12-05T03:00:00+00:00,2024-12-05T11:30:00+08:00,2024-12-05T03:30:00+00:00,30,140.0,2024-12-05T11:20:00+08:00|2024-12-05T11:25:00+08:00|2024-12-05T11:30:00+08:00,0.5959861936693038,True,586.1428483680605,0.2388496258033142,hunan_202412050115,15120,1,1
320809,suspected_positive_flatline_ge60min,train_20241205T1100+0800,train,zhujia,29.566666667,112.45,2024-12-05T11:00:00+08:00,2024-12-05T03:00:00+00:00,2024-12-05T11:45:00+08:00,2024-12-05T03:45:00+00:00,45,140.0,2024-12-05T11:35:00+08:00|2024-12-05T11:40:00+08:00|2024-12-05T11:45:00+08:00,0.6059837226342273,True,599.9800753063261,0.23334108208263674,hunan_202412050115,15120,1,2
320820,suspected_positive_flatline_ge60min,train_20241205T1100+0800,train,zhujia,29.566666667,112.45,2024-12-05T11:00:00+08:00,2024-12-05T03:00:00+00:00,2024-12-05T14:30:00+08:00,2024-12-05T06:30:00+00:00,210,125.0,2024-12-05T14:20:00+08:00|2024-12-05T14:25:00+08:00|2024-12-05T14:30:00+08:00,0.4927010915909056,True,484.94614771757915,0.25776057937220065,hunan_202412050115,15120,1,13
320821,suspected_positive_flatline_ge60min,train_20241205T1100+0800,train,zhujia,29.566666667,112.45,2024-12-05T11:00:00+08:00,2024-12-05T03:00:00+00:00,2024-12-05T14:45:00+08:00,2024-12-05T06:45:00+00:00,225,122.0,2024-12-05T14:35:00+08:00|2024-12-05T14:40:00+08:00|2024-12-05T14:45:00+08:00,0.463260589297825,True,451.6067110582055,0.270146561184021,hunan_202412050115,15120,1,14
320822,suspected_positive_flatline_ge60min,train_20241205T1100+0800,train,zhujia,29.566666667,112.45,2024-12-05T11:00:00+08:00,2024-12-05T03:00:00+00:00,2024-12-05T15:00:00+08:00,2024-12-05T07:00:00+00:00,240,122.0,2024-12-05T14:50:00+08:00|2024-12-05T14:55:00+08:00|2024-12-05T15:00:00+08:00,0.4310327243340711,True,415.02544744949233,0.2939578783656323,hunan_202412050115,15120,1,15
320839,suspected_positive_flatline_ge60min,train_20241205T1115+0800,train,zhujia,29.566666667,112.45,2024-12-05T11:15:00+08:00,2024-12-05T03:15:00+00:00,2024-12-05T11:30:00+08:00,2024-12-05T03:30:00+00:00,15,140.0,2024-12-05T11:20:00+08:00|2024-12-05T11:25:00+08:00|2024-12-05T11:30:00+08:00,0.5959861936693038,True,586.1428483680605,0.2388496258033142,hunan_202412050130,15121,1,0
320840,suspected_positive_flatline_ge60min,train_20241205T1115+0800,train,zhujia,29.566666667,112.45,2024-12-05T11:15:00+08:00,2024-12-05T03:15:00+00:00,2024-12-05T11:45:00+08:00,2024-12-05T03:45:00+00:00,30,140.0,2024-12-05T11:35:00+08:00|2024-12-05T11:40:00+08:00|2024-12-05T11:45:00+08:00,0.6059837226342273,True,599.9800753063261,0.23334108208263674,hunan_202412050130,15121,1,1
320851,suspected_positive_flatline_ge60min,train_20241205T1115+0800,train,zhujia,29.566666667,112.45,2024-12-05T11:15:00+08:00,2024-12-05T03:15:00+00:00,2024-12-05T14:30:00+08:00,2024-12-05T06:30:00+00:00,195,125.0,2024-12-05T14:20:00+08:00|2024-12-05T14:25:00+08:00|2024-12-05T14:30:00+08:00,0.4927010915909056,True,484.94614771757915,0.25776057937220065,hunan_202412050130,15121,1,12
320852,suspected_positive_flatline_ge60min,train_20241205T1115+0800,train,zhujia,29.566666667,112.45,2024-12-05T11:15:00+08:00,2024-12-05T03:15:00+00:00,2024-12-05T14:45:00+08:00,2024-12-05T06:45:00+00:00,210,122.0,2024-12-05T14:35:00+08:00|2024-12-05T14:40:00+08:00|2024-12-05T14:45:00+08:00,0.463260589297825,True,451.6067110582055,0.270146561184021,hunan_202412050130,15121,1,13
320853,suspected_positive_flatline_ge60min,train_20241205T1115+0800,train,zhujia,29.566666667,112.45,2024-12-05T11:15:00+08:00,2024-12-05T03:15:00+00:00,2024-12-05T15:00:00+08:00,2024-12-05T07:00:00+00:00,225,122.0,2024-12-05T14:50:00+08:00|2024-12-05T14:55:00+08:00|2024-12-05T15:00:00+08:00,0.4310327243340711,True,415.02544744949233,0.2939578783656323,hunan_202412050130,15121,1,14
320854,suspected_positive_flatline_ge60min,train_20241205T1115+0800,train,zhujia,29.566666667,112.45,2024-12-05T11:15:00+08:00,2024-12-05T03:15:00+00:00,2024-12-05T15:15:00+08:00,2024-12-05T07:15:00+00:00,240,122.0,2024-12-05T15:05:00+08:00|2024-12-05T15:10:00+08:00|2024-12-05T15:15:00+08:00,0.3961554305535546,True,375.4306627118379,0.32496013809516994,hunan_202412050130,15121,1,15
320871,suspected_positive_flatline_ge60min,train_20241205T1130+0800,train,zhujia,29.566666667,112.45,2024-12-05T11:30:00+08:00,2024-12-05T03:30:00+00:00,2024-12-05T11:45:00+08:00,2024-12-05T03:45:00+00:00,15,140.0,2024-12-05T11:35:00+08:00|2024-12-05T11:40:00+08:00|2024-12-05T11:45:00+08:00,0.6059837226342273,True,599.9800753063261,0.23334108208263674,hunan_202412050145,15122,1,0
320882,suspected_positive_flatline_ge60min,train_20241205T1130+0800,train,zhujia,29.566666667,112.45,2024-12-05T11:30:00+08:00,2024-12-05T03:30:00+00:00,2024-12-05T14:30:00+08:00,2024-12-05T06:30:00+00:00,180,125.0,2024-12-05T14:20:00+08:00|2024-12-05T14:25:00+08:00|2024-12-05T14:30:00+08:00,0.4927010915909056,True,484.94614771757915,0.25776057937220065,hunan_202412050145,15122,1,11
320883,suspected_positive_flatline_ge60min,train_20241205T1130+0800,train,zhujia,29.566666667,112.45,2024-12-05T11:30:00+08:00,2024-12-05T03:30:00+00:00,2024-12-05T14:45:00+08:00,2024-12-05T06:45:00+00:00,195,122.0,2024-12-05T14:35:00+08:00|2024-12-05T14:40:00+08:00|2024-12-05T14:45:00+08:00,0.463260589297825,True,451.6067110582055,0.270146561184021,hunan_202412050145,15122,1,12
320884,suspected_positive_flatline_ge60min,train_20241205T1130+0800,train,zhujia,29.566666667,112.45,2024-12-05T11:30:00+08:00,2024-12-05T03:30:00+00:00,2024-12-05T15:00:00+08:00,2024-12-05T07:00:00+00:00,210,122.0,2024-12-05T14:50:00+08:00|2024-12-05T14:55:00+08:00|2024-12-05T15:00:00+08:00,0.4310327243340711,True,415.02544744949233,0.2939578783656323,hunan_202412050145,15122,1,13
320885,suspected_positive_flatline_ge60min,train_20241205T1130+0800,train,zhujia,29.566666667,112.45,2024-12-05T11:30:00+08:00,2024-12-05T03:30:00+00:00,2024-12-05T15:15:00+08:00,2024-12-05T07:15:00+00:00,225,122.0,2024-12-05T15:05:00+08:00|2024-12-05T15:10:00+08:00|2024-12-05T15:15:00+08:00,0.3961554305535546,True,375.4306627118379,0.32496013809516994,hunan_202412050145,15122,1,14
320886,suspected_positive_flatline_ge60min,train_20241205T1130+0800,train,zhujia,29.566666667,112.45,2024-12-05T11:30:00+08:00,2024-12-05T03:30:00+00:00,2024-12-05T15:30:00+08:00,2024-12-05T07:30:00+00:00,240,122.0,2024-12-05T15:20:00+08:00|2024-12-05T15:25:00+08:00|2024-12-05T15:30:00+08:00,0.3587779779828742,True,333.0950359876324,0.3662618376712458,hunan_202412050145,15122,1,15
320913,suspected_positive_flatline_ge60min,train_20241205T1145+0800,train,zhujia,29.566666667,112.45,2024-12-05T11:45:00+08:00,2024-12-05T03:45:00+00:00,2024-12-05T14:30:00+08:00,2024-12-05T06:30:00+00:00,165,125.0,2024-12-05T14:20:00+08:00|2024-12-05T14:25:00+08:00|2024-12-05T14:30:00+08:00,0.4927010915909056,True,484.94614771757915,0.25776057937220065,hunan_202412050200,15123,1,10
320914,suspected_positive_flatline_ge60min,train_20241205T1145+0800,train,zhujia,29.566666667,112.45,2024-12-05T11:45:00+08:00,2024-12-05T03:45:00+00:00,2024-12-05T14:45:00+08:00,2024-12-05T06:45:00+00:00,180,122.0,2024-12-05T14:35:00+08:00|2024-12-05T14:40:00+08:00|2024-12-05T14:45:00+08:00,0.463260589297825,True,451.6067110582055,0.270146561184021,hunan_202412050200,15123,1,11
320915,suspected_positive_flatline_ge60min,train_20241205T1145+0800,train,zhujia,29.566666667,112.45,2024-12-05T11:45:00+08:00,2024-12-05T03:45:00+00:00,2024-12-05T15:00:00+08:00,2024-12-05T07:00:00+00:00,195,122.0,2024-12-05T14:50:00+08:00|2024-12-05T14:55:00+08:00|2024-12-05T15:00:00+08:00,0.4310327243340711,True,415.02544744949233,0.2939578783656323,hunan_202412050200,15123,1,12
320916,suspected_positive_flatline_ge60min,train_20241205T1145+0800,train,zhujia,29.566666667,112.45,2024-12-05T11:45:00+08:00,2024-12-05T03:45:00+00:00,2024-12-05T15:15:00+08:00,2024-12-05T07:15:00+00:00,210,122.0,2024-12-05T15:05:00+08:00|2024-12-05T15:10:00+08:00|2024-12-05T15:15:00+08:00,0.3961554305535546,True,375.4306627118379,0.32496013809516994,hunan_202412050200,15123,1,13
320917,suspected_positive_flatline_ge60min,train_20241205T1145+0800,train,zhujia,29.566666667,112.45,2024-12-05T11:45:00+08:00,2024-12-05T03:45:00+00:00,2024-12-05T15:30:00+08:00,2024-12-05T07:30:00+00:00,225,122.0,2024-12-05T15:20:00+08:00|2024-12-05T15:25:00+08:00|2024-12-05T15:30:00+08:00,0.3587779779828742,True,333.0950359876324,0.3662618376712458,hunan_202412050200,15123,1,14
320918,suspected_positive_flatline_ge60min,train_20241205T1145+0800,train,zhujia,29.566666667,112.45,2024-12-05T11:45:00+08:00,2024-12-05T03:45:00+00:00,2024-12-05T15:45:00+08:00,2024-12-05T07:45:00+00:00,240,122.0,2024-12-05T15:35:00+08:00|2024-12-05T15:40:00+08:00|2024-12-05T15:45:00+08:00,0.3190603337795626,True,288.3532533574627,0.42309215720469207,hunan_202412050200,15123,1,15
320944,suspected_positive_flatline_ge60min,train_20241205T1200+0800,train,zhujia,29.566666667,112.45,2024-12-05T12:00:00+08:00,2024-12-05T04:00:00+00:00,2024-12-05T14:30:00+08:00,2024-12-05T06:30:00+00:00,150,125.0,2024-12-05T14:20:00+08:00|2024-12-05T14:25:00+08:00|2024-12-05T14:30:00+08:00,0.4927010915909056,True,484.94614771757915,0.25776057937220065,hunan_202412050215,15124,1,9
320945,suspected_positive_flatline_ge60min,train_20241205T1200+0800,train,zhujia,29.566666667,112.45,2024-12-05T12:00:00+08:00,2024-12-05T04:00:00+00:00,2024-12-05T14:45:00+08:00,2024-12-05T06:45:00+00:00,165,122.0,2024-12-05T14:35:00+08:00|2024-12-05T14:40:00+08:00|2024-12-05T14:45:00+08:00,0.463260589297825,True,451.6067110582055,0.270146561184021,hunan_202412050215,15124,1,10
320946,suspected_positive_flatline_ge60min,train_20241205T1200+0800,train,zhujia,29.566666667,112.45,2024-12-05T12:00:00+08:00,2024-12-05T04:00:00+00:00,2024-12-05T15:00:00+08:00,2024-12-05T07:00:00+00:00,180,122.0,2024-12-05T14:50:00+08:00|2024-12-05T14:55:00+08:00|2024-12-05T15:00:00+08:00,0.4310327243340711,True,415.02544744949233,0.2939578783656323,hunan_202412050215,15124,1,11
320947,suspected_positive_flatline_ge60min,train_20241205T1200+0800,train,zhujia,29.566666667,112.45,2024-12-05T12:00:00+08:00,2024-12-05T04:00:00+00:00,2024-12-05T15:15:00+08:00,2024-12-05T07:15:00+00:00,195,122.0,2024-12-05T15:05:00+08:00|2024-12-05T15:10:00+08:00|2024-12-05T15:15:00+08:00,0.3961554305535546,True,375.4306627118379,0.32496013809516994,hunan_202412050215,15124,1,12
320948,suspected_positive_flatline_ge60min,train_20241205T1200+0800,train,zhujia,29.566666667,112.45,2024-12-05T12:00:00+08:00,2024-12-05T04:00:00+00:00,2024-12-05T15:30:00+08:00,2024-12-05T07:30:00+00:00,210,122.0,2024-12-05T15:20:00+08:00|2024-12-05T15:25:00+08:00|2024-12-05T15:30:00+08:00,0.3587779779828742,True,333.0950359876324,0.3662618376712458,hunan_202412050215,15124,1,13
320949,suspected_positive_flatline_ge60min,train_20241205T1200+0800,train,zhujia,29.566666667,112.45,2024-12-05T12:00:00+08:00,2024-12-05T04:00:00+00:00,2024-12-05T15:45:00+08:00,2024-12-05T07:45:00+00:00,225,122.0,2024-12-05T15:35:00+08:00|2024-12-05T15:40:00+08:00|2024-12-05T15:45:00+08:00,0.3190603337795626,True,288.3532533574627,0.42309215720469207,hunan_202412050215,15124,1,14
320950,suspected_positive_flatline_ge60min,train_20241205T1200+0800,train,zhujia,29.566666667,112.45,2024-12-05T12:00:00+08:00,2024-12-05T04:00:00+00:00,2024-12-05T16:00:00+08:00,2024-12-05T08:00:00+00:00,240,122.0,2024-12-05T15:50:00+08:00|2024-12-05T15:55:00+08:00|2024-12-05T16:00:00+08:00,0.2771724774222787,True,241.634662580012,0.5048944497340169,hunan_202412050215,15124,1,15
320975,suspected_positive_flatline_ge60min,train_20241205T1215+0800,train,zhujia,29.566666667,112.45,2024-12-05T12:15:00+08:00,2024-12-05T04:15:00+00:00,2024-12-05T14:30:00+08:00,2024-12-05T06:30:00+00:00,135,125.0,2024-12-05T14:20:00+08:00|2024-12-05T14:25:00+08:00|2024-12-05T14:30:00+08:00,0.4927010915909056,True,484.94614771757915,0.25776057937220065,hunan_202412050230,15125,1,8
320976,suspected_positive_flatline_ge60min,train_20241205T1215+0800,train,zhujia,29.566666667,112.45,2024-12-05T12:15:00+08:00,2024-12-05T04:15:00+00:00,2024-12-05T14:45:00+08:00,2024-12-05T06:45:00+00:00,150,122.0,2024-12-05T14:35:00+08:00|2024-12-05T14:40:00+08:00|2024-12-05T14:45:00+08:00,0.463260589297825,True,451.6067110582055,0.270146561184021,hunan_202412050230,15125,1,9
320977,suspected_positive_flatline_ge60min,train_20241205T1215+0800,train,zhujia,29.566666667,112.45,2024-12-05T12:15:00+08:00,2024-12-05T04:15:00+00:00,2024-12-05T15:00:00+08:00,2024-12-05T07:00:00+00:00,165,122.0,2024-12-05T14:50:00+08:00|2024-12-05T14:55:00+08:00|2024-12-05T15:00:00+08:00,0.4310327243340711,True,415.02544744949233,0.2939578783656323,hunan_202412050230,15125,1,10
320978,suspected_positive_flatline_ge60min,train_20241205T1215+0800,train,zhujia,29.566666667,112.45,2024-12-05T12:15:00+08:00,2024-12-05T04:15:00+00:00,2024-12-05T15:15:00+08:00,2024-12-05T07:15:00+00:00,180,122.0,2024-12-05T15:05:00+08:00|2024-12-05T15:10:00+08:00|2024-12-05T15:15:00+08:00,0.3961554305535546,True,375.4306627118379,0.32496013809516994,hunan_202412050230,15125,1,11
320979,suspected_positive_flatline_ge60min,train_20241205T1215+0800,train,zhujia,29.566666667,112.45,2024-12-05T12:15:00+08:00,2024-12-05T04:15:00+00:00,2024-12-05T15:30:00+08:00,2024-12-05T07:30:00+00:00,195,122.0,2024-12-05T15:20:00+08:00|2024-12-05T15:25:00+08:00|2024-12-05T15:30:00+08:00,0.3587779779828742,True,333.0950359876324,0.3662618376712458,hunan_202412050230,15125,1,12
320980,suspected_positive_flatline_ge60min,train_20241205T1215+0800,train,zhujia,29.566666667,112.45,2024-12-05T12:15:00+08:00,2024-12-05T04:15:00+00:00,2024-12-05T15:45:00+08:00,2024-12-05T07:45:00+00:00,210,122.0,2024-12-05T15:35:00+08:00|2024-12-05T15:40:00+08:00|2024-12-05T15:45:00+08:00,0.3190603337795626,True,288.3532533574627,0.42309215720469207,hunan_202412050230,15125,1,13
320981,suspected_positive_flatline_ge60min,train_20241205T1215+0800,train,zhujia,29.566666667,112.45,2024-12-05T12:15:00+08:00,2024-12-05T04:15:00+00:00,2024-12-05T16:00:00+08:00,2024-12-05T08:00:00+00:00,225,122.0,2024-12-05T15:50:00+08:00|2024-12-05T15:55:00+08:00|2024-12-05T16:00:00+08:00,0.2771724774222787,True,241.634662580012,0.5048944497340169,hunan_202412050230,15125,1,14
320982,suspected_positive_flatline_ge60min,train_20241205T1215+0800,train,zhujia,29.566666667,112.45,2024-12-05T12:15:00+08:00,2024-12-05T04:15:00+00:00,2024-12-05T16:15:00+08:00,2024-12-05T08:15:00+00:00,240,67.0,2024-12-05T16:05:00+08:00|2024-12-05T16:10:00+08:00|2024-12-05T16:15:00+08:00,0.2332936730645752,True,193.52704261795466,0.34620484607035484,hunan_202412050230,15125,1,15
321006,suspected_positive_flatline_ge60min,train_20241205T1230+0800,train,zhujia,29.566666667,112.45,2024-12-05T12:30:00+08:00,2024-12-05T04:30:00+00:00,2024-12-05T14:30:00+08:00,2024-12-05T06:30:00+00:00,120,125.0,2024-12-05T14:20:00+08:00|2024-12-05T14:25:00+08:00|2024-12-05T14:30:00+08:00,0.4927010915909056,True,484.94614771757915,0.25776057937220065,hunan_202412050245,15126,1,7
321007,suspected_positive_flatline_ge60min,train_20241205T1230+0800,train,zhujia,29.566666667,112.45,2024-12-05T12:30:00+08:00,2024-12-05T04:30:00+00:00,2024-12-05T14:45:00+08:00,2024-12-05T06:45:00+00:00,135,122.0,2024-12-05T14:35:00+08:00|2024-12-05T14:40:00+08:00|2024-12-05T14:45:00+08:00,0.463260589297825,True,451.6067110582055,0.270146561184021,hunan_202412050245,15126,1,8
321008,suspected_positive_flatline_ge60min,train_20241205T1230+0800,train,zhujia,29.566666667,112.45,2024-12-05T12:30:00+08:00,2024-12-05T04:30:00+00:00,2024-12-05T15:00:00+08:00,2024-12-05T07:00:00+00:00,150,122.0,2024-12-05T14:50:00+08:00|2024-12-05T14:55:00+08:00|2024-12-05T15:00:00+08:00,0.4310327243340711,True,415.02544744949233,0.2939578783656323,hunan_202412050245,15126,1,9
321009,suspected_positive_flatline_ge60min,train_20241205T1230+0800,train,zhujia,29.566666667,112.45,2024-12-05T12:30:00+08:00,2024-12-05T04:30:00+00:00,2024-12-05T15:15:00+08:00,2024-12-05T07:15:00+00:00,165,122.0,2024-12-05T15:05:00+08:00|2024-12-05T15:10:00+08:00|2024-12-05T15:15:00+08:00,0.3961554305535546,True,375.4306627118379,0.32496013809516994,hunan_202412050245,15126,1,10
321010,suspected_positive_flatline_ge60min,train_20241205T1230+0800,train,zhujia,29.566666667,112.45,2024-12-05T12:30:00+08:00,2024-12-05T04:30:00+00:00,2024-12-05T15:30:00+08:00,2024-12-05T07:30:00+00:00,180,122.0,2024-12-05T15:20:00+08:00|2024-12-05T15:25:00+08:00|2024-12-05T15:30:00+08:00,0.3587779779828742,True,333.0950359876324,0.3662618376712458,hunan_202412050245,15126,1,11
321011,suspected_positive_flatline_ge60min,train_20241205T1230+0800,train,zhujia,29.566666667,112.45,2024-12-05T12:30:00+08:00,2024-12-05T04:30:00+00:00,2024-12-05T15:45:00+08:00,2024-12-05T07:45:00+00:00,195,122.0,2024-12-05T15:35:00+08:00|2024-12-05T15:40:00+08:00|2024-12-05T15:45:00+08:00,0.3190603337795626,True,288.3532533574627,0.42309215720469207,hunan_202412050245,15126,1,12
321012,suspected_positive_flatline_ge60min,train_20241205T1230+0800,train,zhujia,29.566666667,112.45,2024-12-05T12:30:00+08:00,2024-12-05T04:30:00+00:00,2024-12-05T16:00:00+08:00,2024-12-05T08:00:00+00:00,210,122.0,2024-12-05T15:50:00+08:00|2024-12-05T15:55:00+08:00|2024-12-05T16:00:00+08:00,0.2771724774222787,True,241.634662580012,0.5048944497340169,hunan_202412050245,15126,1,13
321013,suspected_positive_flatline_ge60min,train_20241205T1230+0800,train,zhujia,29.566666667,112.45,2024-12-05T12:30:00+08:00,2024-12-05T04:30:00+00:00,2024-12-05T16:15:00+08:00,2024-12-05T08:15:00+00:00,225,67.0,2024-12-05T16:05:00+08:00|2024-12-05T16:10:00+08:00|2024-12-05T16:15:00+08:00,0.2332936730645752,True,193.52704261795466,0.34620484607035484,hunan_202412050245,15126,1,14
321037,suspected_positive_flatline_ge60min,train_20241205T1245+0800,train,zhujia,29.566666667,112.45,2024-12-05T12:45:00+08:00,2024-12-05T04:45:00+00:00,2024-12-05T14:30:00+08:00,2024-12-05T06:30:00+00:00,105,125.0,2024-12-05T14:20:00+08:00|2024-12-05T14:25:00+08:00|2024-12-05T14:30:00+08:00,0.4927010915909056,True,484.94614771757915,0.25776057937220065,hunan_202412050300,15127,1,6
321038,suspected_positive_flatline_ge60min,train_20241205T1245+0800,train,zhujia,29.566666667,112.45,2024-12-05T12:45:00+08:00,2024-12-05T04:45:00+00:00,2024-12-05T14:45:00+08:00,2024-12-05T06:45:00+00:00,120,122.0,2024-12-05T14:35:00+08:00|2024-12-05T14:40:00+08:00|2024-12-05T14:45:00+08:00,0.463260589297825,True,451.6067110582055,0.270146561184021,hunan_202412050300,15127,1,7
321039,suspected_positive_flatline_ge60min,train_20241205T1245+0800,train,zhujia,29.566666667,112.45,2024-12-05T12:45:00+08:00,2024-12-05T04:45:00+00:00,2024-12-05T15:00:00+08:00,2024-12-05T07:00:00+00:00,135,122.0,2024-12-05T14:50:00+08:00|2024-12-05T14:55:00+08:00|2024-12-05T15:00:00+08:00,0.4310327243340711,True,415.02544744949233,0.2939578783656323,hunan_202412050300,15127,1,8
321040,suspected_positive_flatline_ge60min,train_20241205T1245+0800,train,zhujia,29.566666667,112.45,2024-12-05T12:45:00+08:00,2024-12-05T04:45:00+00:00,2024-12-05T15:15:00+08:00,2024-12-05T07:15:00+00:00,150,122.0,2024-12-05T15:05:00+08:00|2024-12-05T15:10:00+08:00|2024-12-05T15:15:00+08:00,0.3961554305535546,True,375.4306627118379,0.32496013809516994,hunan_202412050300,15127,1,9
321041,suspected_positive_flatline_ge60min,train_20241205T1245+0800,train,zhujia,29.566666667,112.45,2024-12-05T12:45:00+08:00,2024-12-05T04:45:00+00:00,2024-12-05T15:30:00+08:00,2024-12-05T07:30:00+00:00,165,122.0,2024-12-05T15:20:00+08:00|2024-12-05T15:25:00+08:00|2024-12-05T15:30:00+08:00,0.3587779779828742,True,333.0950359876324,0.3662618376712458,hunan_202412050300,15127,1,10
321042,suspected_positive_flatline_ge60min,train_20241205T1245+0800,train,zhujia,29.566666667,112.45,2024-12-05T12:45:00+08:00,2024-12-05T04:45:00+00:00,2024-12-05T15:45:00+08:00,2024-12-05T07:45:00+00:00,180,122.0,2024-12-05T15:35:00+08:00|2024-12-05T15:40:00+08:00|2024-12-05T15:45:00+08:00,0.3190603337795626,True,288.3532533574627,0.42309215720469207,hunan_202412050300,15127,1,11
321043,suspected_positive_flatline_ge60min,train_20241205T1245+0800,train,zhujia,29.566666667,112.45,2024-12-05T12:45:00+08:00,2024-12-05T04:45:00+00:00,2024-12-05T16:00:00+08:00,2024-12-05T08:00:00+00:00,195,122.0,2024-12-05T15:50:00+08:00|2024-12-05T15:55:00+08:00|2024-12-05T16:00:00+08:00,0.2771724774222787,True,241.634662580012,0.5048944497340169,hunan_202412050300,15127,1,12
321044,suspected_positive_flatline_ge60min,train_20241205T1245+0800,train,zhujia,29.566666667,112.45,2024-12-05T12:45:00+08:00,2024-12-05T04:45:00+00:00,2024-12-05T16:15:00+08:00,2024-12-05T08:15:00+00:00,210,67.0,2024-12-05T16:05:00+08:00|2024-12-05T16:10:00+08:00|2024-12-05T16:15:00+08:00,0.2332936730645752,True,193.52704261795466,0.34620484607035484,hunan_202412050300,15127,1,13
321068,suspected_positive_flatline_ge60min,train_20241205T1300+0800,train,zhujia,29.566666667,112.45,2024-12-05T13:00:00+08:00,2024-12-05T05:00:00+00:00,2024-12-05T14:30:00+08:00,2024-12-05T06:30:00+00:00,90,125.0,2024-12-05T14:20:00+08:00|2024-12-05T14:25:00+08:00|2024-12-05T14:30:00+08:00,0.4927010915909056,True,484.94614771757915,0.25776057937220065,hunan_202412050315,15128,1,5
321069,suspected_positive_flatline_ge60min,train_20241205T1300+0800,train,zhujia,29.566666667,112.45,2024-12-05T13:00:00+08:00,2024-12-05T05:00:00+00:00,2024-12-05T14:45:00+08:00,2024-12-05T06:45:00+00:00,105,122.0,2024-12-05T14:35:00+08:00|2024-12-05T14:40:00+08:00|2024-12-05T14:45:00+08:00,0.463260589297825,True,451.6067110582055,0.270146561184021,hunan_202412050315,15128,1,6
321070,suspected_positive_flatline_ge60min,train_20241205T1300+0800,train,zhujia,29.566666667,112.45,2024-12-05T13:00:00+08:00,2024-12-05T05:00:00+00:00,2024-12-05T15:00:00+08:00,2024-12-05T07:00:00+00:00,120,122.0,2024-12-05T14:50:00+08:00|2024-12-05T14:55:00+08:00|2024-12-05T15:00:00+08:00,0.4310327243340711,True,415.02544744949233,0.2939578783656323,hunan_202412050315,15128,1,7
321071,suspected_positive_flatline_ge60min,train_20241205T1300+0800,train,zhujia,29.566666667,112.45,2024-12-05T13:00:00+08:00,2024-12-05T05:00:00+00:00,2024-12-05T15:15:00+08:00,2024-12-05T07:15:00+00:00,135,122.0,2024-12-05T15:05:00+08:00|2024-12-05T15:10:00+08:00|2024-12-05T15:15:00+08:00,0.3961554305535546,True,375.4306627118379,0.32496013809516994,hunan_202412050315,15128,1,8
321072,suspected_positive_flatline_ge60min,train_20241205T1300+0800,train,zhujia,29.566666667,112.45,2024-12-05T13:00:00+08:00,2024-12-05T05:00:00+00:00,2024-12-05T15:30:00+08:00,2024-12-05T07:30:00+00:00,150,122.0,2024-12-05T15:20:00+08:00|2024-12-05T15:25:00+08:00|2024-12-05T15:30:00+08:00,0.3587779779828742,True,333.0950359876324,0.3662618376712458,hunan_202412050315,15128,1,9
321073,suspected_positive_flatline_ge60min,train_20241205T1300+0800,train,zhujia,29.566666667,112.45,2024-12-05T13:00:00+08:00,2024-12-05T05:00:00+00:00,2024-12-05T15:45:00+08:00,2024-12-05T07:45:00+00:00,165,122.0,2024-12-05T15:35:00+08:00|2024-12-05T15:40:00+08:00|2024-12-05T15:45:00+08:00,0.3190603337795626,True,288.3532533574627,0.42309215720469207,hunan_202412050315,15128,1,10
321074,suspected_positive_flatline_ge60min,train_20241205T1300+0800,train,zhujia,29.566666667,112.45,2024-12-05T13:00:00+08:00,2024-12-05T05:00:00+00:00,2024-12-05T16:00:00+08:00,2024-12-05T08:00:00+00:00,180,122.0,2024-12-05T15:50:00+08:00|2024-12-05T15:55:00+08:00|2024-12-05T16:00:00+08:00,0.2771724774222787,True,241.634662580012,0.5048944497340169,hunan_202412050315,15128,1,11
321075,suspected_positive_flatline_ge60min,train_20241205T1300+0800,train,zhujia,29.566666667,112.45,2024-12-05T13:00:00+08:00,2024-12-05T05:00:00+00:00,2024-12-05T16:15:00+08:00,2024-12-05T08:15:00+00:00,195,67.0,2024-12-05T16:05:00+08:00|2024-12-05T16:10:00+08:00|2024-12-05T16:15:00+08:00,0.2332936730645752,True,193.52704261795466,0.34620484607035484,hunan_202412050315,15128,1,12
321099,suspected_positive_flatline_ge60min,train_20241205T1315+0800,train,zhujia,29.566666667,112.45,2024-12-05T13:15:00+08:00,2024-12-05T05:15:00+00:00,2024-12-05T14:30:00+08:00,2024-12-05T06:30:00+00:00,75,125.0,2024-12-05T14:20:00+08:00|2024-12-05T14:25:00+08:00|2024-12-05T14:30:00+08:00,0.4927010915909056,True,484.94614771757915,0.25776057937220065,hunan_202412050330,15129,1,4
321100,suspected_positive_flatline_ge60min,train_20241205T1315+0800,train,zhujia,29.566666667,112.45,2024-12-05T13:15:00+08:00,2024-12-05T05:15:00+00:00,2024-12-05T14:45:00+08:00,2024-12-05T06:45:00+00:00,90,122.0,2024-12-05T14:35:00+08:00|2024-12-05T14:40:00+08:00|2024-12-05T14:45:00+08:00,0.463260589297825,True,451.6067110582055,0.270146561184021,hunan_202412050330,15129,1,5
321101,suspected_positive_flatline_ge60min,train_20241205T1315+0800,train,zhujia,29.566666667,112.45,2024-12-05T13:15:00+08:00,2024-12-05T05:15:00+00:00,2024-12-05T15:00:00+08:00,2024-12-05T07:00:00+00:00,105,122.0,2024-12-05T14:50:00+08:00|2024-12-05T14:55:00+08:00|2024-12-05T15:00:00+08:00,0.4310327243340711,True,415.02544744949233,0.2939578783656323,hunan_202412050330,15129,1,6
321102,suspected_positive_flatline_ge60min,train_20241205T1315+0800,train,zhujia,29.566666667,112.45,2024-12-05T13:15:00+08:00,2024-12-05T05:15:00+00:00,2024-12-05T15:15:00+08:00,2024-12-05T07:15:00+00:00,120,122.0,2024-12-05T15:05:00+08:00|2024-12-05T15:10:00+08:00|2024-12-05T15:15:00+08:00,0.3961554305535546,True,375.4306627118379,0.32496013809516994,hunan_202412050330,15129,1,7
321103,suspected_positive_flatline_ge60min,train_20241205T1315+0800,train,zhujia,29.566666667,112.45,2024-12-05T13:15:00+08:00,2024-12-05T05:15:00+00:00,2024-12-05T15:30:00+08:00,2024-12-05T07:30:00+00:00,135,122.0,2024-12-05T15:20:00+08:00|2024-12-05T15:25:00+08:00|2024-12-05T15:30:00+08:00,0.3587779779828742,True,333.0950359876324,0.3662618376712458,hunan_202412050330,15129,1,8
321104,suspected_positive_flatline_ge60min,train_20241205T1315+0800,train,zhujia,29.566666667,112.45,2024-12-05T13:15:00+08:00,2024-12-05T05:15:00+00:00,2024-12-05T15:45:00+08:00,2024-12-05T07:45:00+00:00,150,122.0,2024-12-05T15:35:00+08:00|2024-12-05T15:40:00+08:00|2024-12-05T15:45:00+08:00,0.3190603337795626,True,288.3532533574627,0.42309215720469207,hunan_202412050330,15129,1,9
321105,suspected_positive_flatline_ge60min,train_20241205T1315+0800,train,zhujia,29.566666667,112.45,2024-12-05T13:15:00+08:00,2024-12-05T05:15:00+00:00,2024-12-05T16:00:00+08:00,2024-12-05T08:00:00+00:00,165,122.0,2024-12-05T15:50:00+08:00|2024-12-05T15:55:00+08:00|2024-12-05T16:00:00+08:00,0.2771724774222787,True,241.634662580012,0.5048944497340169,hunan_202412050330,15129,1,10
321106,suspected_positive_flatline_ge60min,train_20241205T1315+0800,train,zhujia,29.566666667,112.45,2024-12-05T13:15:00+08:00,2024-12-05T05:15:00+00:00,2024-12-05T16:15:00+08:00,2024-12-05T08:15:00+00:00,180,67.0,2024-12-05T16:05:00+08:00|2024-12-05T16:10:00+08:00|2024-12-05T16:15:00+08:00,0.2332936730645752,True,193.52704261795466,0.34620484607035484,hunan_202412050330,15129,1,11
321130,suspected_positive_flatline_ge60min,train_20241205T1330+0800,train,zhujia,29.566666667,112.45,2024-12-05T13:30:00+08:00,2024-12-05T05:30:00+00:00,2024-12-05T14:30:00+08:00,2024-12-05T06:30:00+00:00,60,125.0,2024-12-05T14:20:00+08:00|2024-12-05T14:25:00+08:00|2024-12-05T14:30:00+08:00,0.4927010915909056,True,484.94614771757915,0.25776057937220065,hunan_202412050345,15130,1,3
321131,suspected_positive_flatline_ge60min,train_20241205T1330+0800,train,zhujia,29.566666667,112.45,2024-12-05T13:30:00+08:00,2024-12-05T05:30:00+00:00,2024-12-05T14:45:00+08:00,2024-12-05T06:45:00+00:00,75,122.0,2024-12-05T14:35:00+08:00|2024-12-05T14:40:00+08:00|2024-12-05T14:45:00+08:00,0.463260589297825,True,451.6067110582055,0.270146561184021,hunan_202412050345,15130,1,4
321132,suspected_positive_flatline_ge60min,train_20241205T1330+0800,train,zhujia,29.566666667,112.45,2024-12-05T13:30:00+08:00,2024-12-05T05:30:00+00:00,2024-12-05T15:00:00+08:00,2024-12-05T07:00:00+00:00,90,122.0,2024-12-05T14:50:00+08:00|2024-12-05T14:55:00+08:00|2024-12-05T15:00:00+08:00,0.4310327243340711,True,415.02544744949233,0.2939578783656323,hunan_202412050345,15130,1,5
321133,suspected_positive_flatline_ge60min,train_20241205T1330+0800,train,zhujia,29.566666667,112.45,2024-12-05T13:30:00+08:00,2024-12-05T05:30:00+00:00,2024-12-05T15:15:00+08:00,2024-12-05T07:15:00+00:00,105,122.0,2024-12-05T15:05:00+08:00|2024-12-05T15:10:00+08:00|2024-12-05T15:15:00+08:00,0.3961554305535546,True,375.4306627118379,0.32496013809516994,hunan_202412050345,15130,1,6
321134,suspected_positive_flatline_ge60min,train_20241205T1330+0800,train,zhujia,29.566666667,112.45,2024-12-05T13:30:00+08:00,2024-12-05T05:30:00+00:00,2024-12-05T15:30:00+08:00,2024-12-05T07:30:00+00:00,120,122.0,2024-12-05T15:20:00+08:00|2024-12-05T15:25:00+08:00|2024-12-05T15:30:00+08:00,0.3587779779828742,True,333.0950359876324,0.3662618376712458,hunan_202412050345,15130,1,7
321135,suspected_positive_flatline_ge60min,train_20241205T1330+0800,train,zhujia,29.566666667,112.45,2024-12-05T13:30:00+08:00,2024-12-05T05:30:00+00:00,2024-12-05T15:45:00+08:00,2024-12-05T07:45:00+00:00,135,122.0,2024-12-05T15:35:00+08:00|2024-12-05T15:40:00+08:00|2024-12-05T15:45:00+08:00,0.3190603337795626,True,288.3532533574627,0.42309215720469207,hunan_202412050345,15130,1,8
321136,suspected_positive_flatline_ge60min,train_20241205T1330+0800,train,zhujia,29.566666667,112.45,2024-12-05T13:30:00+08:00,2024-12-05T05:30:00+00:00,2024-12-05T16:00:00+08:00,2024-12-05T08:00:00+00:00,150,122.0,2024-12-05T15:50:00+08:00|2024-12-05T15:55:00+08:00|2024-12-05T16:00:00+08:00,0.2771724774222787,True,241.634662580012,0.5048944497340169,hunan_202412050345,15130,1,9
321137,suspected_positive_flatline_ge60min,train_20241205T1330+0800,train,zhujia,29.566666667,112.45,2024-12-05T13:30:00+08:00,2024-12-05T05:30:00+00:00,2024-12-05T16:15:00+08:00,2024-12-05T08:15:00+00:00,165,67.0,2024-12-05T16:05:00+08:00|2024-12-05T16:10:00+08:00|2024-12-05T16:15:00+08:00,0.2332936730645752,True,193.52704261795466,0.34620484607035484,hunan_202412050345,15130,1,10
321159,suspected_positive_flatline_ge60min,train_20241205T1345+0800,train,zhujia,29.566666667,112.45,2024-12-05T13:45:00+08:00,2024-12-05T05:45:00+00:00,2024-12-05T14:30:00+08:00,2024-12-05T06:30:00+00:00,45,125.0,2024-12-05T14:20:00+08:00|2024-12-05T14:25:00+08:00|2024-12-05T14:30:00+08:00,0.4927010915909056,True,484.94614771757915,0.25776057937220065,hunan_202412050400,15131,1,2
321160,suspected_positive_flatline_ge60min,train_20241205T1345+0800,train,zhujia,29.566666667,112.45,2024-12-05T13:45:00+08:00,2024-12-05T05:45:00+00:00,2024-12-05T14:45:00+08:00,2024-12-05T06:45:00+00:00,60,122.0,2024-12-05T14:35:00+08:00|2024-12-05T14:40:00+08:00|2024-12-05T14:45:00+08:00,0.463260589297825,True,451.6067110582055,0.270146561184021,hunan_202412050400,15131,1,3
321161,suspected_positive_flatline_ge60min,train_20241205T1345+0800,train,zhujia,29.566666667,112.45,2024-12-05T13:45:00+08:00,2024-12-05T05:45:00+00:00,2024-12-05T15:00:00+08:00,2024-12-05T07:00:00+00:00,75,122.0,2024-12-05T14:50:00+08:00|2024-12-05T14:55:00+08:00|2024-12-05T15:00:00+08:00,0.4310327243340711,True,415.02544744949233,0.2939578783656323,hunan_202412050400,15131,1,4
321162,suspected_positive_flatline_ge60min,train_20241205T1345+0800,train,zhujia,29.566666667,112.45,2024-12-05T13:45:00+08:00,2024-12-05T05:45:00+00:00,2024-12-05T15:15:00+08:00,2024-12-05T07:15:00+00:00,90,122.0,2024-12-05T15:05:00+08:00|2024-12-05T15:10:00+08:00|2024-12-05T15:15:00+08:00,0.3961554305535546,True,375.4306627118379,0.32496013809516994,hunan_202412050400,15131,1,5
321163,suspected_positive_flatline_ge60min,train_20241205T1345+0800,train,zhujia,29.566666667,112.45,2024-12-05T13:45:00+08:00,2024-12-05T05:45:00+00:00,2024-12-05T15:30:00+08:00,2024-12-05T07:30:00+00:00,105,122.0,2024-12-05T15:20:00+08:00|2024-12-05T15:25:00+08:00|2024-12-05T15:30:00+08:00,0.3587779779828742,True,333.0950359876324,0.3662618376712458,hunan_202412050400,15131,1,6
321164,suspected_positive_flatline_ge60min,train_20241205T1345+0800,train,zhujia,29.566666667,112.45,2024-12-05T13:45:00+08:00,2024-12-05T05:45:00+00:00,2024-12-05T15:45:00+08:00,2024-12-05T07:45:00+00:00,120,122.0,2024-12-05T15:35:00+08:00|2024-12-05T15:40:00+08:00|2024-12-05T15:45:00+08:00,0.3190603337795626,True,288.3532533574627,0.42309215720469207,hunan_202412050400,15131,1,7
321165,suspected_positive_flatline_ge60min,train_20241205T1345+0800,train,zhujia,29.566666667,112.45,2024-12-05T13:45:00+08:00,2024-12-05T05:45:00+00:00,2024-12-05T16:00:00+08:00,2024-12-05T08:00:00+00:00,135,122.0,2024-12-05T15:50:00+08:00|2024-12-05T15:55:00+08:00|2024-12-05T16:00:00+08:00,0.2771724774222787,True,241.634662580012,0.5048944497340169,hunan_202412050400,15131,1,8
321166,suspected_positive_flatline_ge60min,train_20241205T1345+0800,train,zhujia,29.566666667,112.45,2024-12-05T13:45:00+08:00,2024-12-05T05:45:00+00:00,2024-12-05T16:15:00+08:00,2024-12-05T08:15:00+00:00,150,67.0,2024-12-05T16:05:00+08:00|2024-12-05T16:10:00+08:00|2024-12-05T16:15:00+08:00,0.2332936730645752,True,193.52704261795466,0.34620484607035484,hunan_202412050400,15131,1,9
321186,suspected_positive_flatline_ge60min,train_20241205T1400+0800,train,zhujia,29.566666667,112.45,2024-12-05T14:00:00+08:00,2024-12-05T06:00:00+00:00,2024-12-05T14:30:00+08:00,2024-12-05T06:30:00+00:00,30,125.0,2024-12-05T14:20:00+08:00|2024-12-05T14:25:00+08:00|2024-12-05T14:30:00+08:00,0.4927010915909056,True,484.94614771757915,0.25776057937220065,hunan_202412050415,15132,1,1
321187,suspected_positive_flatline_ge60min,train_20241205T1400+0800,train,zhujia,29.566666667,112.45,2024-12-05T14:00:00+08:00,2024-12-05T06:00:00+00:00,2024-12-05T14:45:00+08:00,2024-12-05T06:45:00+00:00,45,122.0,2024-12-05T14:35:00+08:00|2024-12-05T14:40:00+08:00|2024-12-05T14:45:00+08:00,0.463260589297825,True,451.6067110582055,0.270146561184021,hunan_202412050415,15132,1,2
321188,suspected_positive_flatline_ge60min,train_20241205T1400+0800,train,zhujia,29.566666667,112.45,2024-12-05T14:00:00+08:00,2024-12-05T06:00:00+00:00,2024-12-05T15:00:00+08:00,2024-12-05T07:00:00+00:00,60,122.0,2024-12-05T14:50:00+08:00|2024-12-05T14:55:00+08:00|2024-12-05T15:00:00+08:00,0.4310327243340711,True,415.02544744949233,0.2939578783656323,hunan_202412050415,15132,1,3
321189,suspected_positive_flatline_ge60min,train_20241205T1400+0800,train,zhujia,29.566666667,112.45,2024-12-05T14:00:00+08:00,2024-12-05T06:00:00+00:00,2024-12-05T15:15:00+08:00,2024-12-05T07:15:00+00:00,75,122.0,2024-12-05T15:05:00+08:00|2024-12-05T15:10:00+08:00|2024-12-05T15:15:00+08:00,0.3961554305535546,True,375.4306627118379,0.32496013809516994,hunan_202412050415,15132,1,4
321190,suspected_positive_flatline_ge60min,train_20241205T1400+0800,train,zhujia,29.566666667,112.45,2024-12-05T14:00:00+08:00,2024-12-05T06:00:00+00:00,2024-12-05T15:30:00+08:00,2024-12-05T07:30:00+00:00,90,122.0,2024-12-05T15:20:00+08:00|2024-12-05T15:25:00+08:00|2024-12-05T15:30:00+08:00,0.3587779779828742,True,333.0950359876324,0.3662618376712458,hunan_202412050415,15132,1,5
321191,suspected_positive_flatline_ge60min,train_20241205T1400+0800,train,zhujia,29.566666667,112.45,2024-12-05T14:00:00+08:00,2024-12-05T06:00:00+00:00,2024-12-05T15:45:00+08:00,2024-12-05T07:45:00+00:00,105,122.0,2024-12-05T15:35:00+08:00|2024-12-05T15:40:00+08:00|2024-12-05T15:45:00+08:00,0.3190603337795626,True,288.3532533574627,0.42309215720469207,hunan_202412050415,15132,1,6
321192,suspected_positive_flatline_ge60min,train_20241205T1400+0800,train,zhujia,29.566666667,112.45,2024-12-05T14:00:00+08:00,2024-12-05T06:00:00+00:00,2024-12-05T16:00:00+08:00,2024-12-05T08:00:00+00:00,120,122.0,2024-12-05T15:50:00+08:00|2024-12-05T15:55:00+08:00|2024-12-05T16:00:00+08:00,0.2771724774222787,True,241.634662580012,0.5048944497340169,hunan_202412050415,15132,1,7
321193,suspected_positive_flatline_ge60min,train_20241205T1400+0800,train,zhujia,29.566666667,112.45,2024-12-05T14:00:00+08:00,2024-12-05T06:00:00+00:00,2024-12-05T16:15:00+08:00,2024-12-05T08:15:00+00:00,135,67.0,2024-12-05T16:05:00+08:00|2024-12-05T16:10:00+08:00|2024-12-05T16:15:00+08:00,0.2332936730645752,True,193.52704261795466,0.34620484607035484,hunan_202412050415,15132,1,8
321211,suspected_positive_flatline_ge60min,train_20241205T1415+0800,train,zhujia,29.566666667,112.45,2024-12-05T14:15:00+08:00,2024-12-05T06:15:00+00:00,2024-12-05T14:30:00+08:00,2024-12-05T06:30:00+00:00,15,125.0,2024-12-05T14:20:00+08:00|2024-12-05T14:25:00+08:00|2024-12-05T14:30:00+08:00,0.4927010915909056,True,484.94614771757915,0.25776057937220065,hunan_202412050430,15133,1,0
321212,suspected_positive_flatline_ge60min,train_20241205T1415+0800,train,zhujia,29.566666667,112.45,2024-12-05T14:15:00+08:00,2024-12-05T06:15:00+00:00,2024-12-05T14:45:00+08:00,2024-12-05T06:45:00+00:00,30,122.0,2024-12-05T14:35:00+08:00|2024-12-05T14:40:00+08:00|2024-12-05T14:45:00+08:00,0.463260589297825,True,451.6067110582055,0.270146561184021,hunan_202412050430,15133,1,1
321213,suspected_positive_flatline_ge60min,train_20241205T1415+0800,train,zhujia,29.566666667,112.45,2024-12-05T14:15:00+08:00,2024-12-05T06:15:00+00:00,2024-12-05T15:00:00+08:00,2024-12-05T07:00:00+00:00,45,122.0,2024-12-05T14:50:00+08:00|2024-12-05T14:55:00+08:00|2024-12-05T15:00:00+08:00,0.4310327243340711,True,415.02544744949233,0.2939578783656323,hunan_202412050430,15133,1,2
321214,suspected_positive_flatline_ge60min,train_20241205T1415+0800,train,zhujia,29.566666667,112.45,2024-12-05T14:15:00+08:00,2024-12-05T06:15:00+00:00,2024-12-05T15:15:00+08:00,2024-12-05T07:15:00+00:00,60,122.0,2024-12-05T15:05:00+08:00|2024-12-05T15:10:00+08:00|2024-12-05T15:15:00+08:00,0.3961554305535546,True,375.4306627118379,0.32496013809516994,hunan_202412050430,15133,1,3
321215,suspected_positive_flatline_ge60min,train_20241205T1415+0800,train,zhujia,29.566666667,112.45,2024-12-05T14:15:00+08:00,2024-12-05T06:15:00+00:00,2024-12-05T15:30:00+08:00,2024-12-05T07:30:00+00:00,75,122.0,2024-12-05T15:20:00+08:00|2024-12-05T15:25:00+08:00|2024-12-05T15:30:00+08:00,0.3587779779828742,True,333.0950359876324,0.3662618376712458,hunan_202412050430,15133,1,4
321216,suspected_positive_flatline_ge60min,train_20241205T1415+0800,train,zhujia,29.566666667,112.45,2024-12-05T14:15:00+08:00,2024-12-05T06:15:00+00:00,2024-12-05T15:45:00+08:00,2024-12-05T07:45:00+00:00,90,122.0,2024-12-05T15:35:00+08:00|2024-12-05T15:40:00+08:00|2024-12-05T15:45:00+08:00,0.3190603337795626,True,288.3532533574627,0.42309215720469207,hunan_202412050430,15133,1,5
321217,suspected_positive_flatline_ge60min,train_20241205T1415+0800,train,zhujia,29.566666667,112.45,2024-12-05T14:15:00+08:00,2024-12-05T06:15:00+00:00,2024-12-05T16:00:00+08:00,2024-12-05T08:00:00+00:00,105,122.0,2024-12-05T15:50:00+08:00|2024-12-05T15:55:00+08:00|2024-12-05T16:00:00+08:00,0.2771724774222787,True,241.634662580012,0.5048944497340169,hunan_202412050430,15133,1,6
321218,suspected_positive_flatline_ge60min,train_20241205T1415+0800,train,zhujia,29.566666667,112.45,2024-12-05T14:15:00+08:00,2024-12-05T06:15:00+00:00,2024-12-05T16:15:00+08:00,2024-12-05T08:15:00+00:00,120,67.0,2024-12-05T16:05:00+08:00|2024-12-05T16:10:00+08:00|2024-12-05T16:15:00+08:00,0.2332936730645752,True,193.52704261795466,0.34620484607035484,hunan_202412050430,15133,1,7
321235,suspected_positive_flatline_ge60min,train_20241205T1430+0800,train,zhujia,29.566666667,112.45,2024-12-05T14:30:00+08:00,2024-12-05T06:30:00+00:00,2024-12-05T14:45:00+08:00,2024-12-05T06:45:00+00:00,15,122.0,2024-12-05T14:35:00+08:00|2024-12-05T14:40:00+08:00|2024-12-05T14:45:00+08:00,0.463260589297825,True,451.6067110582055,0.270146561184021,hunan_202412050445,15134,1,0
321236,suspected_positive_flatline_ge60min,train_20241205T1430+0800,train,zhujia,29.566666667,112.45,2024-12-05T14:30:00+08:00,2024-12-05T06:30:00+00:00,2024-12-05T15:00:00+08:00,2024-12-05T07:00:00+00:00,30,122.0,2024-12-05T14:50:00+08:00|2024-12-05T14:55:00+08:00|2024-12-05T15:00:00+08:00,0.4310327243340711,True,415.02544744949233,0.2939578783656323,hunan_202412050445,15134,1,1
321237,suspected_positive_flatline_ge60min,train_20241205T1430+0800,train,zhujia,29.566666667,112.45,2024-12-05T14:30:00+08:00,2024-12-05T06:30:00+00:00,2024-12-05T15:15:00+08:00,2024-12-05T07:15:00+00:00,45,122.0,2024-12-05T15:05:00+08:00|2024-12-05T15:10:00+08:00|2024-12-05T15:15:00+08:00,0.3961554305535546,True,375.4306627118379,0.32496013809516994,hunan_202412050445,15134,1,2
321238,suspected_positive_flatline_ge60min,train_20241205T1430+0800,train,zhujia,29.566666667,112.45,2024-12-05T14:30:00+08:00,2024-12-05T06:30:00+00:00,2024-12-05T15:30:00+08:00,2024-12-05T07:30:00+00:00,60,122.0,2024-12-05T15:20:00+08:00|2024-12-05T15:25:00+08:00|2024-12-05T15:30:00+08:00,0.3587779779828742,True,333.0950359876324,0.3662618376712458,hunan_202412050445,15134,1,3
321239,suspected_positive_flatline_ge60min,train_20241205T1430+0800,train,zhujia,29.566666667,112.45,2024-12-05T14:30:00+08:00,2024-12-05T06:30:00+00:00,2024-12-05T15:45:00+08:00,2024-12-05T07:45:00+00:00,75,122.0,2024-12-05T15:35:00+08:00|2024-12-05T15:40:00+08:00|2024-12-05T15:45:00+08:00,0.3190603337795626,True,288.3532533574627,0.42309215720469207,hunan_202412050445,15134,1,4
321240,suspected_positive_flatline_ge60min,train_20241205T1430+0800,train,zhujia,29.566666667,112.45,2024-12-05T14:30:00+08:00,2024-12-05T06:30:00+00:00,2024-12-05T16:00:00+08:00,2024-12-05T08:00:00+00:00,90,122.0,2024-12-05T15:50:00+08:00|2024-12-05T15:55:00+08:00|2024-12-05T16:00:00+08:00,0.2771724774222787,True,241.634662580012,0.5048944497340169,hunan_202412050445,15134,1,5
321241,suspected_positive_flatline_ge60min,train_20241205T1430+0800,train,zhujia,29.566666667,112.45,2024-12-05T14:30:00+08:00,2024-12-05T06:30:00+00:00,2024-12-05T16:15:00+08:00,2024-12-05T08:15:00+00:00,105,67.0,2024-12-05T16:05:00+08:00|2024-12-05T16:10:00+08:00|2024-12-05T16:15:00+08:00,0.2332936730645752,True,193.52704261795466,0.34620484607035484,hunan_202412050445,15134,1,6
321257,suspected_positive_flatline_ge60min,train_20241205T1445+0800,train,zhujia,29.566666667,112.45,2024-12-05T14:45:00+08:00,2024-12-05T06:45:00+00:00,2024-12-05T15:00:00+08:00,2024-12-05T07:00:00+00:00,15,122.0,2024-12-05T14:50:00+08:00|2024-12-05T14:55:00+08:00|2024-12-05T15:00:00+08:00,0.4310327243340711,True,415.02544744949233,0.2939578783656323,hunan_202412050500,15135,1,0
321258,suspected_positive_flatline_ge60min,train_20241205T1445+0800,train,zhujia,29.566666667,112.45,2024-12-05T14:45:00+08:00,2024-12-05T06:45:00+00:00,2024-12-05T15:15:00+08:00,2024-12-05T07:15:00+00:00,30,122.0,2024-12-05T15:05:00+08:00|2024-12-05T15:10:00+08:00|2024-12-05T15:15:00+08:00,0.3961554305535546,True,375.4306627118379,0.32496013809516994,hunan_202412050500,15135,1,1
321259,suspected_positive_flatline_ge60min,train_20241205T1445+0800,train,zhujia,29.566666667,112.45,2024-12-05T14:45:00+08:00,2024-12-05T06:45:00+00:00,2024-12-05T15:30:00+08:00,2024-12-05T07:30:00+00:00,45,122.0,2024-12-05T15:20:00+08:00|2024-12-05T15:25:00+08:00|2024-12-05T15:30:00+08:00,0.3587779779828742,True,333.0950359876324,0.3662618376712458,hunan_202412050500,15135,1,2
321260,suspected_positive_flatline_ge60min,train_20241205T1445+0800,train,zhujia,29.566666667,112.45,2024-12-05T14:45:00+08:00,2024-12-05T06:45:00+00:00,2024-12-05T15:45:00+08:00,2024-12-05T07:45:00+00:00,60,122.0,2024-12-05T15:35:00+08:00|2024-12-05T15:40:00+08:00|2024-12-05T15:45:00+08:00,0.3190603337795626,True,288.3532533574627,0.42309215720469207,hunan_202412050500,15135,1,3
321261,suspected_positive_flatline_ge60min,train_20241205T1445+0800,train,zhujia,29.566666667,112.45,2024-12-05T14:45:00+08:00,2024-12-05T06:45:00+00:00,2024-12-05T16:00:00+08:00,2024-12-05T08:00:00+00:00,75,122.0,2024-12-05T15:50:00+08:00|2024-12-05T15:55:00+08:00|2024-12-05T16:00:00+08:00,0.2771724774222787,True,241.634662580012,0.5048944497340169,hunan_202412050500,15135,1,4
321262,suspected_positive_flatline_ge60min,train_20241205T1445+0800,train,zhujia,29.566666667,112.45,2024-12-05T14:45:00+08:00,2024-12-05T06:45:00+00:00,2024-12-05T16:15:00+08:00,2024-12-05T08:15:00+00:00,90,67.0,2024-12-05T16:05:00+08:00|2024-12-05T16:10:00+08:00|2024-12-05T16:15:00+08:00,0.2332936730645752,True,193.52704261795466,0.34620484607035484,hunan_202412050500,15135,1,5
321277,suspected_positive_flatline_ge60min,train_20241205T1500+0800,train,zhujia,29.566666667,112.45,2024-12-05T15:00:00+08:00,2024-12-05T07:00:00+00:00,2024-12-05T15:15:00+08:00,2024-12-05T07:15:00+00:00,15,122.0,2024-12-05T15:05:00+08:00|2024-12-05T15:10:00+08:00|2024-12-05T15:15:00+08:00,0.3961554305535546,True,375.4306627118379,0.32496013809516994,hunan_202412050515,15136,1,0
321278,suspected_positive_flatline_ge60min,train_20241205T1500+0800,train,zhujia,29.566666667,112.45,2024-12-05T15:00:00+08:00,2024-12-05T07:00:00+00:00,2024-12-05T15:30:00+08:00,2024-12-05T07:30:00+00:00,30,122.0,2024-12-05T15:20:00+08:00|2024-12-05T15:25:00+08:00|2024-12-05T15:30:00+08:00,0.3587779779828742,True,333.0950359876324,0.3662618376712458,hunan_202412050515,15136,1,1
321279,suspected_positive_flatline_ge60min,train_20241205T1500+0800,train,zhujia,29.566666667,112.45,2024-12-05T15:00:00+08:00,2024-12-05T07:00:00+00:00,2024-12-05T15:45:00+08:00,2024-12-05T07:45:00+00:00,45,122.0,2024-12-05T15:35:00+08:00|2024-12-05T15:40:00+08:00|2024-12-05T15:45:00+08:00,0.3190603337795626,True,288.3532533574627,0.42309215720469207,hunan_202412050515,15136,1,2
321280,suspected_positive_flatline_ge60min,train_20241205T1500+0800,train,zhujia,29.566666667,112.45,2024-12-05T15:00:00+08:00,2024-12-05T07:00:00+00:00,2024-12-05T16:00:00+08:00,2024-12-05T08:00:00+00:00,60,122.0,2024-12-05T15:50:00+08:00|2024-12-05T15:55:00+08:00|2024-12-05T16:00:00+08:00,0.2771724774222787,True,241.634662580012,0.5048944497340169,hunan_202412050515,15136,1,3
321281,suspected_positive_flatline_ge60min,train_20241205T1500+0800,train,zhujia,29.566666667,112.45,2024-12-05T15:00:00+08:00,2024-12-05T07:00:00+00:00,2024-12-05T16:15:00+08:00,2024-12-05T08:15:00+00:00,75,67.0,2024-12-05T16:05:00+08:00|2024-12-05T16:10:00+08:00|2024-12-05T16:15:00+08:00,0.2332936730645752,True,193.52704261795466,0.34620484607035484,hunan_202412050515,15136,1,4
321295,suspected_positive_flatline_ge60min,train_20241205T1515+0800,train,zhujia,29.566666667,112.45,2024-12-05T15:15:00+08:00,2024-12-05T07:15:00+00:00,2024-12-05T15:30:00+08:00,2024-12-05T07:30:00+00:00,15,122.0,2024-12-05T15:20:00+08:00|2024-12-05T15:25:00+08:00|2024-12-05T15:30:00+08:00,0.3587779779828742,True,333.0950359876324,0.3662618376712458,hunan_202412050530,15137,1,0
321296,suspected_positive_flatline_ge60min,train_20241205T1515+0800,train,zhujia,29.566666667,112.45,2024-12-05T15:15:00+08:00,2024-12-05T07:15:00+00:00,2024-12-05T15:45:00+08:00,2024-12-05T07:45:00+00:00,30,122.0,2024-12-05T15:35:00+08:00|2024-12-05T15:40:00+08:00|2024-12-05T15:45:00+08:00,0.3190603337795626,True,288.3532533574627,0.42309215720469207,hunan_202412050530,15137,1,1
321297,suspected_positive_flatline_ge60min,train_20241205T1515+0800,train,zhujia,29.566666667,112.45,2024-12-05T15:15:00+08:00,2024-12-05T07:15:00+00:00,2024-12-05T16:00:00+08:00,2024-12-05T08:00:00+00:00,45,122.0,2024-12-05T15:50:00+08:00|2024-12-05T15:55:00+08:00|2024-12-05T16:00:00+08:00,0.2771724774222787,True,241.634662580012,0.5048944497340169,hunan_202412050530,15137,1,2
321298,suspected_positive_flatline_ge60min,train_20241205T1515+0800,train,zhujia,29.566666667,112.45,2024-12-05T15:15:00+08:00,2024-12-05T07:15:00+00:00,2024-12-05T16:15:00+08:00,2024-12-05T08:15:00+00:00,60,67.0,2024-12-05T16:05:00+08:00|2024-12-05T16:10:00+08:00|2024-12-05T16:15:00+08:00,0.2332936730645752,True,193.52704261795466,0.34620484607035484,hunan_202412050530,15137,1,3
321311,suspected_positive_flatline_ge60min,train_20241205T1530+0800,train,zhujia,29.566666667,112.45,2024-12-05T15:30:00+08:00,2024-12-05T07:30:00+00:00,2024-12-05T15:45:00+08:00,2024-12-05T07:45:00+00:00,15,122.0,2024-12-05T15:35:00+08:00|2024-12-05T15:40:00+08:00|2024-12-05T15:45:00+08:00,0.3190603337795626,True,288.3532533574627,0.42309215720469207,hunan_202412050545,15138,1,0
321312,suspected_positive_flatline_ge60min,train_20241205T1530+0800,train,zhujia,29.566666667,112.45,2024-12-05T15:30:00+08:00,2024-12-05T07:30:00+00:00,2024-12-05T16:00:00+08:00,2024-12-05T08:00:00+00:00,30,122.0,2024-12-05T15:50:00+08:00|2024-12-05T15:55:00+08:00|2024-12-05T16:00:00+08:00,0.2771724774222787,True,241.634662580012,0.5048944497340169,hunan_202412050545,15138,1,1
321313,suspected_positive_flatline_ge60min,train_20241205T1530+0800,train,zhujia,29.566666667,112.45,2024-12-05T15:30:00+08:00,2024-12-05T07:30:00+00:00,2024-12-05T16:15:00+08:00,2024-12-05T08:15:00+00:00,45,67.0,2024-12-05T16:05:00+08:00|2024-12-05T16:10:00+08:00|2024-12-05T16:15:00+08:00,0.2332936730645752,True,193.52704261795466,0.34620484607035484,hunan_202412050545,15138,1,2
321325,suspected_positive_flatline_ge60min,train_20241205T1545+0800,train,zhujia,29.566666667,112.45,2024-12-05T15:45:00+08:00,2024-12-05T07:45:00+00:00,2024-12-05T16:00:00+08:00,2024-12-05T08:00:00+00:00,15,122.0,2024-12-05T15:50:00+08:00|2024-12-05T15:55:00+08:00|2024-12-05T16:00:00+08:00,0.2771724774222787,True,241.634662580012,0.5048944497340169,hunan_202412050600,15139,1,0
321326,suspected_positive_flatline_ge60min,train_20241205T1545+0800,train,zhujia,29.566666667,112.45,2024-12-05T15:45:00+08:00,2024-12-05T07:45:00+00:00,2024-12-05T16:15:00+08:00,2024-12-05T08:15:00+00:00,30,67.0,2024-12-05T16:05:00+08:00|2024-12-05T16:10:00+08:00|2024-12-05T16:15:00+08:00,0.2332936730645752,True,193.52704261795466,0.34620484607035484,hunan_202412050600,15139,1,1
321337,suspected_positive_flatline_ge60min,train_20241205T1600+0800,train,zhujia,29.566666667,112.45,2024-12-05T16:00:00+08:00,2024-12-05T08:00:00+00:00,2024-12-05T16:15:00+08:00,2024-12-05T08:15:00+00:00,15,67.0,2024-12-05T16:05:00+08:00|2024-12-05T16:10:00+08:00|2024-12-05T16:15:00+08:00,0.2332936730645752,True,193.52704261795466,0.34620484607035484,hunan_202412050615,15140,1,0
